ID_REL_PROJECT;REL_PROJECT;RELEASE_TYPE;PRODUCT_RELEASED;VERSION;SWSHORTNAME;DOCSHORTNAME;MTSHORTNAME;DOCSHORTNAME_ARCH
110;Major;Main;Autodesk Viz;2005;;;;
111;Main Release;Main;Autodesk Map 3D;2005;;;;
112;Main Release;Main;AutoCAD Raster Design;2005;ARDES;RASTER;ARDES;
118;98ME release;Main;DWF Viewer;5;;;;
119;Main Release;Main;DWF Viewer;5;;;;
120;Main Release;Main;DWG Viewer + DWF Composer;2005;;;;
121;Main Release;Main;AutoSketch;9.0;;;;
122;Main Release;Main;AutoCAD OEM;2005;ACD;;ACD;
123;for ARS 2 - CD1 of Autodesk Revit Series 2;Main;AutoCAD;2005;ACD;ACD;ACD;
124;Main Release - Commercial & Trial use the same master;Main;AutoCAD;2005;ACD;ACD;ACD;
126;Main Release - Commercial & Trial use the same master;Main;AutoCAD LT;2005;ACD;ACDLT;ACD;
130;Main Release - Dec Maintenance;Main;Subscription Center Maintenance;FY04;;;;
133;Main Release;Main;DWF Viewer;4.1;;;;
135;For Cherokee  - Powered by Volo View 3;Main;Volo View;3;;;;
136;Main Release - Nov Maintenance;Main;Subscription Center Maintenance;FY04;;;;
142;Main Release;Main;Autodesk MapGuide Enterprise;6.5;;;;
144;Main Release;Main;Volo View;3;;;;
147;Main Release;Main;AutoCAD OEM;2004;ACD;;ACD;
148;Main Release;Main;AutoCAD Raster Design;2004;ARDES;RASTER;ARDES;
149;Main Release;Main;AutoCAD;2004;ACD;ACD;ACD;
150;Main Release;Main;AutoCAD LT;2004;ACD;ACDLT;ACD;
158;Main Release;Main;Autodesk Express Viewer;3.0;;;;
159;For MapSeries 6;Main;AutoCAD Raster Design;3;ARDES;RASTER;ARDES;
165;Main Release;Main;VVE, VV 2.01 JKST;2.01;;;;
166;For Map Series5;Main;AutoCAD Raster Design;3;ARDES;RASTER;ARDES;
181;Main Release;Main;Autodesk Inventor Series;R10;;;;
182;Main Release;Main;AutoCAD LT;2006;ACD;ACDLT;ACD;
185;Redesign;Main;Point A Maintenance;FY02;;;;
186;Main Release;Main;Sketch;8.0;;;;
187;Main Release - CAD Overlay 2002;Main;AutoCAD OEM;2002;ACD;;ACD;
188;Main Release - ASP FRA;Main;AutoCAD;2002;ACD;ACD;ACD;
189;Main Release;Main;AutoCAD OEM;2002;ACD;;ACD;
190;Main Release - JA Only;Main;Volo View and Volo View Express;2.0;;;;
191;Main Release;Main;Volo View Express;2.0;;;;
195;Main Release;Main;AutoCAD LT;2002;ACD;ACDLT;ACD;
197;Main Release;Main;AutoCAD;2002;ACD;ACD;ACD;
198;Main Release;Main;AutoCAD OEM;2000i;ACD;;ACD;
205;Main Release;Main;AutoCAD LT;2000;ACD;ACDLT;ACD;
206;Main Release;Main;AutoCAD;2000i;ACD;ACD;ACD;
209;Main Release;Main;Architectural Desktop;2006;;;;
210;Main Release;Main;Character Studio;R3;;;;
211;Main Release;Main;3D Studio VIZ Release;3.0;;;;
213;Main Release;Main;3D Studio MAX Release;3.1;;;;
218;Main Release;Main;Autodesk Revit;8 (ARS 8);RVT;;RVT;
219;Main Release;Main;AutoCAD OEM;2000;ACD;;ACD;
220;Main Release;Main;AutoCAD;2000;ACD;ACD;ACD;
225;Main Release;Main;Autodesk Viz;2005+1;;;;
228;Main Release;Main;DWG Viewer + DWF Composer;R2;;;;
242;Main Release;Main;AutoCAD Mechanical;2006;AMECH_PP;ACAD_M;AMECH_PP;
244;Main Release;Main;AutoCAD Electrical;2006;ACAD_E;ACAD_E;ACAD_E;
245;Main Release;Main;Autodesk Map 3D;2006;;;;
255;Main Release;Main;AutoCAD Civil 3D;2006;CIV3D;CIV3D;CIV3D;
262;Main Release;Main;Autodesk Inventor Professional;R10;INV;;INV;
280;Main Release;Main;AutoCAD Raster Design;FY06;ARDES;RASTER;ARDES;
293;Main Release;Main;Autodesk Land Desktop;2005;;;;
295;Main Release;Main;AutoCAD Architecture;2005;ARCHDESK;ACA;ARCHDESK;
296;Main Release;Main;AutoCAD Civil 3D;2004;CIV3D;CIV3D;CIV3D;
300;Main Release;Main;Autodesk Architectural Studio;3.1;;;;
301;Main Release;Main;Architectural Desktop;2004;;;;
303;Main Release;Main;AutoCAD Architecture;3.3;ARCHDESK;ACA;ARCHDESK;
310;Main Release;Main;Architectural Desktop;3.0;;;;
311;Main Release;Main;Architectural Desktop;2.01;;;;
313;Main Release;Main;Architectural Studio;2.0;;;;
315;Main Release;Main;Architectural Studio;3.0;;;;
316;Main Release;Main;Autodesk Revit;5.1;RVT;;RVT;
325;Main Release;Main;Autodesk Revit;7 (ARS 7);RVT;;RVT;
326;Main Release;Main;Autodesk Revit;7 (ARS 7);RVT;;RVT;
340;Main Release;Main;Autodesk Vault;4;;;;
342;Main Release;Main;Autodesk Productstream;4;;;;
370;Main Release;Main;DWF Viewer;FY06;;;;
399;Main Release;Main;Autodesk Vault for ACAD;4;;;;
411;Main Release;Main;DWF Viewer;6.5;;;;
412;Main Release;Main;Autodesk Inventor DWF Extension;R11;;;;
414;Enterprise FIG JA;Main;Autodesk MapGuide Enterprise;2007;;;;
415;Main Release;Main;Autodesk Topobase;2007;;;;
416;Community 1.0 JA;Main;Autodesk MapGuide Enterprise;2007;;;;
417;Main Release;Main;AutoCAD Electrical;2005;ACAD_E;ACAD_E;ACAD_E;
420;Main Release;Main;Autodesk Inventor Series;9;;;;
422;Main Release;Main;Vault for Inventor;R3;;;;
423;Main Release;Main;Autodesk Inventor Professional;9;INV;;INV;
424;Main Release;Main;AutoCAD Mechanical;2005;AMECH_PP;ACAD_M;AMECH_PP;
426;Main Release;Main;Autodesk Vault;R2;;;;
431;Main Release;Main;Autodesk Inventor Professional;8;INV;;INV;
432;Design Review 2007;Main;Autodesk Design Review;2007;ADR;ADR;ADR;
433;DWF Viewer R7;Main;Autodesk Design Review;2007;ADR;ADR;ADR;
434;DWF Writer 3.1.1;Main;DWF Writer;2007;DWFW;;DWFW;
436;Main Release;Main;Vault for AIS;7;;;;
438;Main Release;Main;Autodesk Inventor Professional;7;INV;;INV;
440;Main Release;Main;AutoCAD Mechanical;2004;AMECH_PP;ACAD_M;AMECH_PP;
441;Main Release;Main;Autodesk Inventor Series;7;;;;
445;Main Release;Main;Autodesk Inventor;6;;;;
448;Main Release;Main;MDT 6 / ACM 6 MX1;6;;;;
452;Main Release;Main;Autodesk Building Systems;2007;;;;
455;Main & SP1;Main;Autodesk Inventor;5;;;;
457;Main Release;Main;MDT 6 / ACM 6;6;;;;
461;Main Release;Main;Autodesk Inventor;R4;;;;
463;Main Release for EE;Main;MDT 5 / ACM 2000i;5/2000i;;;;
464;Main Release;Main;MDT 5 / ACM 2000i;5/2000i;;;;
465;Main Release;Main;Autodesk Inventor;R3;;;;
466;Main Release;Main;MDT 4 / ACM 2000;4.0/2000;;;;
467;Main Release;Main;Autodesk Inventor;R2;;;;
468;Trial Release;Main;Autodesk Inventor;R2;;;;
469;Main Release;Main;Fastener Library;R2;;;;
470;Main Release;Main;Vault for ACAD;R3;;;;
472;Main Release (RB9.1);Main;Autodesk Revit Building;9.1;;;;
473;Main Release (RST4);Main;Autodesk Revit Structure;2007;RVT;;RVT;
475;Main Release;Main;Autodesk Inventor;5.3;;;;
532;Chicopee;Main;Autodesk Building Systems;2007;;;;
553;Main Release;Main;AutoCAD OEM;2007;ACD;;ACD;
612;Main Release;Main;AutoCAD;2007;ACD;ACD;ACD;
632;Community 1.01 JA;Main;Autodesk MapGuide Enterprise;2007;;;;
633;AIS Main Release;Main;Autodesk Inventor Series;11;;;;
634;AIP Main Release;Main;Autodesk Inventor Professional;11;INV;;INV;
639;Main Release;Main;AutoCAD Electrical;2007;ACAD_E;ACAD_E;ACAD_E;
645;Main Release;Main;Architectural Desktop;2007;;;;
646;Main release (RSY2);Main;Autodesk Revit Systems;2007;;;;
647;PTB Release (RB9);Main;Autodesk Revit;9;RVT;;RVT;
654;Main Release;Main;AutoCAD Mechanical;2007;AMECH_PP;ACAD_M;AMECH_PP;
655;Main Release;Main;Autodesk Map 3D;2007;;;;
657;Main Release;Main;AutoCAD Civil 3D;2007;CIV3D;CIV3D;CIV3D;
658;Main Release;Main;AutoCAD Raster Design;2007;ARDES;RASTER;ARDES;
667;Main Release;Main;Autodesk Productstream;5;;;;
671;8.1( JPN/FIG );Main;Autodesk Revit Series;8.1(ARS);;;;
672;Main release (RB9);Main;Autodesk Revit;9;RVT;;RVT;
677;Main Release;Main;Autodesk Building Systems;2008;;;;
685;Main Release;Main;N/A;2007;;;;
690;Main Release;Main;N/A;2007;;;;
692;Main Release;Main;N/A;2007;;;;
693;Main Release;Main;N/A;2007;;;;
694;Main Release;Main;E-Learning;2007;;;;
695;Main Release;Main;N/A;2007;;;;
696;Main Release;Main;N/A;2007;;;;
697;Main Release;Main;N/A;;;;;
700;Main Release;Main;AutoCAD Architecture;2008;ARCHDESK;ACA;ARCHDESK;
701;DWG TrueView 2007 (Anaconda update);Main;Autodesk Design Review;2007;ADR;ADR;ADR;
709;Main Release;Main;AutoCAD Raster Design;2008;ARDES;RASTER;ARDES;
712;Main Release;Main;AutoCAD;2008;ACD;ACD;ACD;
714;Main Release;Main;AutoCAD Mechanical;2008;AMECH_PP;ACAD_M;AMECH_PP;
716;Main Release;Main;AutoCAD Electrical;2008;ACAD_E;ACAD_E;ACAD_E;
717;Main Release;Main;Autodesk Vault for ACAD;2008;;;;
718;AIS Main Release (APAC only);Main;Autodesk Inventor;2008;;;;
719;AIP Main Release (APAC only);Main;Autodesk Inventor;2008;;;;
721;Main Release (RB10);Main;Autodesk Revit Building;10;;;;
722;Main Release (RST5);Main;Autodesk Revit Structure;FY08;RVT;;RVT;
723;Main Release (RSY3);Main;Autodesk Revit Systems;3;;;;
724;Main Release;Main;Autodesk Map 3D;2008;;;;
725;Canceled Main release;Main;Autodesk Topobase;2008;;;;
734;AIS Main Release (EMEA );Main;Autodesk Inventor;2008;;;;
736;AIP Main Release (EMEA);Main;Autodesk Inventor;2008;;;;
737;Main release (RST3);Main;Autodesk Revit Structure;3;RVT;;RVT;
739;Main release  (RB9);Main;Autodesk Revit Building;9;;;;
740;PTB release (RB9);Main;Autodesk Revit Building;9;;;;
742;Cancelled - Main Release;Main;Autodesk MapGuide Enterprise;2008;;;;
748;Main Release;Main;Autodesk Design Review;7;ADR;ADR;ADR;
759;Documentation;Main;AutoCAD Civil 3D;2008;CIV3D;CIV3D;CIV3D;
760;Software;Main;AutoCAD Civil 3D;2008;CIV3D;CIV3D;CIV3D;
766;Main Release;Main;Autodesk Design Review;2008;ADR;ADR;ADR;
768;ARS 9.1;Main;Autodesk Revit Building;9.1;;;;
769;RSS 4;Main;Autodesk Revit Building;9.1;;;;
771;Main Release (64 bit);Main;DWG TrueView;2008;ACD;DWGTV;ACD;
779;FRA Docs Release (RST4);Main;Autodesk Revit Structure;2007;RVT;;RVT;
806;Main Release;Main;AutoCAD Mechanical;FY09;AMECH_PP;ACAD_M;AMECH_PP;
817;Main Release;Main;AutoCAD OEM;2008;ACD;;ACD;
823;Image Studio;Main;Autodesk Alias Studio;2008;;;;
824;Alias Studio 2008;Main;Autodesk Alias Studio;2008;;;;
826;Showcase 2008;Main;Autodesk Alias Studio;2008;;;;
829;Alias Studio 2008 PLE;Main;Autodesk Alias Studio;2008;;;;
834;ARS 10;Main;Autodesk Revit Building;10;;;;
836;RST-S 2008;Main;Autodesk Revit Structure;FY08;RVT;;RVT;
837;RSS 5.x;Main;Autodesk Revit Structure;FY08;RVT;;RVT;
838;Productstream 2008.1 (Brooklyn);Main;Autodesk Productstream;2008;;;;
840;Alias Studio 2008 Sept;Main;Autodesk Alias Studio;2008+;;;;
858;Main release;Main;Autodesk Topobase;2008;;;;
873;Magellan Phase 3;Main;Autodesk Buzzsaw;7;BZSW;BUZZSAW;BZSW;
874;Magellan Phase 2;Main;Autodesk Buzzsaw;7;BZSW;BUZZSAW;BZSW;
875;Magellan Phase 1;Main;Autodesk Buzzsaw;7;BZSW;BUZZSAW;BZSW;
878;Productstream Professional;Main;Autodesk Productstream;2008;;;;
887;Mako French unlock;Main;Autodesk Map 3D;2007;;;;
893;Main Release;Main;AutoCAD P&ID;FY08;PNID;PNID;PNID;
895;French unlocked version;Main;AutoCAD Raster Design;2007;ARDES;RASTER;ARDES;
937;Main Release;Main;N/A;2008;;;;
939;AIS - PTB;Main;Autodesk Inventor;2008;;;;
940;AIP - PTB;Main;Autodesk Inventor;2008;;;;
941;Main Release (Sw-Doc);Main;Autodesk MapGuide Enterprise;2008;;;;
977;Creating Construction Documentation;Main;N/A;2008;;;;
997;Main Release;Main;AutoCAD P&ID;2009;PNID;PNID;PNID;
1002;Main Release;Main;Autodesk Impression;2009;;;;
1003;Main;Main;Autodesk Impression;R3;;;;
1007;Main Release;Main;AutoCAD Mechanical;2009;AMECH_PP;ACAD_M;AMECH_PP;
1009;AIS Main Release;Main;Autodesk Inventor Series;2009;;;;
1011;**Main Release**;Main;Autodesk Vault;2009;;;;
1012;Main Release;Main;Autodesk Vault Manufacturing;2009;;;;
1014;Main Release;Main;AutoCAD Electrical;2009;ACAD_E;ACAD_E;ACAD_E;
1019;Main Release;Main;AutoCAD P&ID;FY08;PNID;PNID;PNID;
1021;Main Release;Main;AutoCAD;2009;ACD;ACD;ACD;
1025;AIP Main Release;Main;Autodesk Inventor Professional;2009;INV;;INV;
1034;Main Release;Main;AutoCAD Architecture;2009;ARCHDESK;ACA;ARCHDESK;
1047;Main Release;Main;Design Review & DWF Writer;2009;;;;
1065;Creating Construction Documentation - Tech Pub contractor July -Pooja;Main;N/A;2008;;;;
1067;Main Release;Main;Autodesk Alias Studio;2009;;;;
1070;Main Release;Main;Autodesk Inventor LT Technology Preview;2008;;;;
1091;Revit Masters;Main;Autodesk Revit Building;10;;;;
1092;Main Release;Main;Autodesk Revit Structure Suite;2009;;;;
1094;Vault Standalone;Main;Autodesk Vault;2008;;;;
1124;Creating Construction Documentation -TC;Main;N/A;2008;;;;
1131;Main Release;Main;AutoCAD MEP;2009;BLDSYS;BLDSYS;BLDSYS;
1132;Main Release;Main;AutoCAD Civil 3D;2009;CIV3D;CIV3D;CIV3D;
1133;Main Release;Main;Autodesk Revit Architecture;2009;RVT;;RVT;
1134;Subscription Release;Feature/Extension;Autodesk Vault for AutoCAD;2009;;;;
1139;Main Release;Main;DWG TrueView;2009;ACD;DWGTV;ACD;
1140;Main Release;Main;AutoCAD OEM;2009;ACD;;ACD;
1144;Creating Construction Documentation -SC;Main;N/A;2008;;;;
1148;Main Release;Main;Autodesk Revit MEP;2009;RVT;;RVT;
1163;Main Release;Main;Autodesk MapGuide Enterprise;2009;;;;
1168;Main Release 2009;Main;Autodesk Quantity Takeoff;2009;AQTO;QTO;AQTO;
1169;Main Release;Main;Autodesk Topobase;2009;;;;
1170;LT;Main;Autodesk Inventor LT;2009;;;;
1177;Suite;Suite;Autodesk Revit Architecture;2009;RVT;;RVT;
1182;Main Release;Main;AutoCAD Raster Design;2009;ARDES;RASTER;ARDES;
1189;CER_CIP;Main;Platform CER/CIP;FY09;CERCIP;;CERCIP;
1195;Main Release;Main;Autodesk Map 3D;2009;;;;
1202;Buzzsaw 2008.2 - Classic Omega;Main;Autodesk Buzzsaw;8;BZSW;BUZZSAW;BZSW;
1212;AutoCAD for Revit Architecture Suite 2009;Suite;AutoCAD;2009;ACD;ACD;ACD;
1213;RST-S 2008 PLK;Main;Autodesk Revit Structure;FY08;RVT;;RVT;
1282;Main Release;Main;Autodesk MapGuide Studio;2009;;;;
1294;Main Release;Main;Autodesk SketchBook Pro;2009;SKETPRO;SKETCHBOOK;ALSK;
1330;TestDrive;Feature/Extension;AutoCAD Mechanical;2009;AMECH_PP;ACAD_M;AMECH_PP;
1366;GBU Trial DVD (Multi Products);Feature/Extension;Autodesk Map 3D;2009;;;;
1394;Industry Kits (Water and Wastewater);Feature/Extension;Autodesk Map 3D;2009;;;;
1395;Survey Kits;Feature/Extension;Autodesk Map 3D;2009;;;;
1472;NavisWorks_2009;Main;Autodesk Navisworks;2009;NAV;NAVISWORKS;NAV;
1473;Revit Extensions Q2;Feature/Extension;Autodesk Revit Structure;2009;RVT;;RVT;
1496;Buzzsaw 2008.3 - Popper;Main;Autodesk Buzzsaw;8;BZSW;BUZZSAW;BZSW;
1498;Buzzsaw 2008.4 - Icebreaker;Main;Autodesk Buzzsaw;8;BZSW;BUZZSAW;BZSW;
1499;Buzzsaw 2009.1 - Sunrise;Main;Autodesk Buzzsaw;8;BZSW;BUZZSAW;BZSW;
1506;Main Release;Main;AutoCAD;2010;ACD;ACD;ACD;
1524;R1;Feature/Extension;Autodesk SketchBook Pro;2009;SKETPRO;SKETCHBOOK;ALSK;
1530;Subscription Release;Feature/Extension;Autodesk Inventor;2009;;;;
1536;Main Release;Feature/Extension;Platform LIRA;2009;;;;
1540;Fugu - First release;Main;Fugu;2010;;;;
1546;Main Release;Main;Autodesk Vault Workgroup;2009;VLT;VAULT;VLT;
1551;Main release;Main;AutoCAD Electrical;2010;ACAD_E;ACAD_E;ACAD_E;
1552;Main Release;Main;Productstream Professional;2010;;;;
1556;Main Release;Main;AutoSketch;10;;;;
1558;Stein- Initial Release;Main;Stein;2009;;;;
1562;Revit 37L RU;Main;E-Learning;FY09;;;;
1566;Main Release;Main;Autodesk Vault Collaboration;2009;VLT;VAULT;VLT;
1581;Industry Kits (Electric);Feature/Extension;Autodesk Map 3D;2009;;;;
1587;Main Release;Main;Platform Airmax;2009;;;;
1588;Mid-Year Content Drop;Feature/Extension;Autodesk Revit Architecture;2009;RVT;;RVT;
1589;Revit 64-bit versions (RAC, RST, RME), including BP & WSM Plug-ins;Feature/Extension;Autodesk Revit Architecture;2009;RVT;;RVT;
1598;KM for Q2;Main;N/A;;;;;
1610;Diocles;Main;Autodesk Navisworks;2010;NAV;NAVISWORKS;NAV;
1617;INV Transitioning 31L;Main;E-Learning;FY09;;;;
1618;INV Essemtials 40L;Main;E-Learning;FY09;;;;
1620;Civil 49L RU;Main;E-Learning;FY09;;;;
1622;Main Release;Main;Autodesk SketchBook Pro;2010;SKETPRO;SKETCHBOOK;ALSK;
1623;R1;Feature/Extension;Autodesk SketchBook Pro;2010;SKETPRO;SKETCHBOOK;ALSK;
1624;Main Release;Main;AutoCAD Architecture;2010;ARCHDESK;ACA;ARCHDESK;
1626;Main Release;Main;Autodesk Revit Structure Suite;2010;;;;
1628;Main Release;Main;Autodesk Revit MEP Suite;2010;;;;
1629;Main Release;Main;Autodesk Revit Architecture;2010;RVT;;RVT;
1630;Main Release;Main;AutoCAD MEP;2010;BLDSYS;BLDSYS;BLDSYS;
1631;Main Release;Main;Autodesk Quantity Takeoff;2010;AQTO;QTO;AQTO;
1632;Main Release;Main;AutoCAD Civil 3D;2010;CIV3D;CIV3D;CIV3D;
1636;Bundle of RAC + ACAD + ACA;Suite;AutoCAD Revit Architecture Suite;2010;REVITS;;REVITS;
1637;Main Release;Main;AutoCAD Civil;2010;;;;
1640;Bundle of RAC + ACAD + ACA + Navisworks + 3DsMax;Suite;Autodesk Revit Architecture Visualization Suite;2010;;;;
1644;Main Release;Main;AutoCAD LT;2010;ACD;ACDLT;ACD;
1646;Main Release;Main;AutoCAD OEM;2010;ACD;;ACD;
1647;Main Release (GBU targeted version);Main;AutoCAD Raster Design;2010;ARDES;RASTER;ARDES;
1650;Main Release;Main;Autodesk MapGuide Enterprise;2010;;;;
1651;Main Release;Main;Autodesk Design Review;2010;ADR;ADR;ADR;
1652;Vault **Main Release**;Main;Autodesk Vault;2010;;;;
1653;Main Release;Main;Autodesk MapGuide Studio;2010;;;;
1655;Main Release;Main;AutoCAD Map 3D;2010;MAP;;MAP;
1656;Vault Manufacturing;Main;Autodesk Vault Manufacturing;2010;;;;
1657;Vault Workgroup;Main;Autodesk Vault Workgroup;2010;VLT;VAULT;VLT;
1658;Vault Collaboration;Main;Autodesk Vault Collaboration;2010;VLT;VAULT;VLT;
1659;Main Release;Main;Autodesk Intent;2010;;;;
1662;Main Release;Main;AutoCAD Mechanical;2010;AMECH_PP;ACAD_M;AMECH_PP;
1663;Main Release;Main;Autodesk Topobase;2010;;;;
1664;Main Release;Main;Autodesk Alias Design;2010;;;;
1666;Test Drive;Feature/Extension;AutoCAD Mechanical;2010;AMECH_PP;ACAD_M;AMECH_PP;
1669;Main Release;Main;Inventor Publisher;2010;INVPUB;INVPUB;INVPUB;
1670;Main Release;Main;AutoCAD Inventor Suite;2010;;;;
1671;Main Release;Main;AutoCAD Inventor Routed Systems Suite;2010;;;;
1672;Main Release;Main;AutoCAD Inventor Simulation Suite;2010;;;;
1673;Main Release;Main;AutoCAD Inventor Professional Suite;2010;;;;
1674;Subscription Advantage Pack;Feature/Extension;AutoCAD Inventor;2010;INV;INVNTOR;INV;
1676;LT Suite;Main;AutoCAD Inventor  LT Suite;2010;INVLTS;;INVLTS;
1677;Main Release;Feature/Extension;Platform Airmax;2011;;;;
1678;Main Release;Main;DWG TrueView;2010;ACD;DWGTV;ACD;
1680;Main Release;Feature/Extension;Platform LIRA;2010;;;;
1681;R1;Main;Autodesk DirectConnect;2010;;DIRECTCONNECT;DIRECTCONNECT;
1682;R2;Feature/Extension;Autodesk DirectConnect;2010;;DIRECTCONNECT;DIRECTCONNECT;
1683;R3;Feature/Extension;Autodesk DirectConnect;2010;;DIRECTCONNECT;DIRECTCONNECT;
1684;R4;Feature/Extension;Autodesk DirectConnect;2010;;DIRECTCONNECT;DIRECTCONNECT;
1686;Main Release;Main;AutoCAD LT;2009;ACD;ACDLT;ACD;
1689;Main Release;Main;Autodesk Mechanical Desktop;2009;;;;
1690;Main Release;Main;Autodesk Inventor Simulation Suite;2009;;;;
1692;Main Release;Main;Autodesk Inventor Routed Systems Suite;2009;;;;
1696;AutoCAD 11L FIG, LAS, RU, PTB, CJK;Main;E-Learning;FY09;;;;
1700;CER_CIP;Main;Platform CER/CIP;FY10;CERCIP;;CERCIP;
1711;HUN PARTNER BASED MODEL;Main;Autodesk Revit Architecture;2009;RVT;;RVT;
1714;Migration Assistant Module;Main;AutoCAD Architecture;2008;ARCHDESK;ACA;ARCHDESK;
1715;Drawing Compare Module;Main;AutoCAD Architecture;2008;ARCHDESK;ACA;ARCHDESK;
1716;Main Release;Main;AutoCAD Civil 3D;2008;CIV3D;CIV3D;CIV3D;
1723;Main Release;Main;AutoCAD LT Civil Suite;2009;ACDLTC;;ACDLTC;
1726;Goddard - 32Bit;Main;Autodesk Inventor Suite;2008;;;;
1727;Goddard - 32Bit;Main;Autodesk Inventor Simulation Suite;2008;;;;
1728;Vault;Main;Autodesk Vault;2008;;;;
1734;Productstream 2008;Main;Autodesk Productstream;2008;;;;
1735;Main Release;Main;Autodesk Autoloader;2008;;;;
1736;Goddard 32Bit;Main;Autodesk Inventor Routed Systems Suite;2008;;;;
1738;Goddard 32Bit;Main;Autodesk Inventor Professional;2008;INV;;INV;
1757;Revit Architecture;Main;Autodesk Revit Building;10;;;;
1759;2010 Q2;Main;Autodesk Buzzsaw;2010;BZSW;BUZZSAW;BZSW;
1760;2010 Q3;Main;Autodesk Buzzsaw;2010;BZSW;BUZZSAW;BZSW;
1761;2010 Q4;Main;Autodesk Buzzsaw;2010;BZSW;BUZZSAW;BZSW;
1762;Main;Main;AutoCAD P&ID;2010;PNID;PNID;PNID;
1764;Buzzsaw maintenance 2008.1 Release;Main;Autodesk Buzzsaw;8;BZSW;BUZZSAW;BZSW;
1765;Buzzsaw maintenance Login Enhancements Release;Main;Autodesk Buzzsaw;8;BZSW;BUZZSAW;BZSW;
1774;Trial 2010 DVD;Feature/Extension;Autodesk Geospatial;2010;;;;
1802;Industry Kits (Water and Wastewater);Feature/Extension;AutoCAD Map 3D;2010;MAP;;MAP;
1814;Inventor View standalone;Feature/Extension;AutoCAD Inventor;2010;INV;INVNTOR;INV;
1827;Skill Builders Q2;Feature/Extension;AutoCAD Map 3D;2010;MAP;;MAP;
1843;Industry kits (Electric);Feature/Extension;AutoCAD Map 3D;2010;MAP;;MAP;
1846;Main Release;Main;Autodesk DirectConnect;2009;;DIRECTCONNECT;DIRECTCONNECT;
1848;Standalone Inventor View (Tesla R2009 Inventor View);Feature/Extension;Autodesk Inventor;2009;;;;
1863;AutoCAD Inventor (AIP AIP-RS AIP-SIM AIS AIT);Main;AutoCAD Inventor;2010;INV;INVNTOR;INV;
1875;Revit Extensions Q3;Feature/Extension;Autodesk Revit Structure;2009;RVT;;RVT;
1876;PLK SME Glossary;Feature/Extension;Autodesk Revit Structure;2009;RVT;;RVT;
1884;EDU Version;Feature/Extension;AutoCAD Inventor;2010;INV;INVNTOR;INV;
1885;Student Version;Feature/Extension;Autodesk Inventor;2009;;;;
1910;Main Release (ACAD targeted version);Main;AutoCAD Raster;2010;;;;
1914;;Main;Electronic Fulfillment;FY09;;;;
1915;;Main;Information Technology;FY09;;;;
1916;;Main;Product Support;FY09;;;;
1917;;Main;Siebel Maintenance;FY09;;;;
1918;;Main;Unscheduled project;FY09;;;;
1922;On-site SW Engineer - Sun Chin Chua;Main;N/A;FY10;;;;
1927;KM for Q3;Main;N/A;;;;;
1936;Skill Builders Q3;Feature/Extension;AutoCAD Map 3D;2010;MAP;;MAP;
1946;On-Site TD Arch Engineer;Main;N/A;FY10;;;;
1951;ACAD LT + CALS (JPN only);Suite;AutoCAD LT Civil Suite;2010;ACDLTC;;ACDLTC;
1956;Revit Extensions Q4;Feature/Extension;Autodesk Revit Structure;2009;RVT;;RVT;
1960;Bonus Pack;Feature/Extension;Map 3D Feature Release;2010;;;;
1962;Main Release;Main;AutoCAD Inventor Tooling Suite;2010;;;;
1972;Diocles for MSD;Main;Autodesk Navisworks;2010;NAV;NAVISWORKS;NAV;
1976;Main Release;Main;Autodesk Alias Surface;2010;SURFST;ALIAS;ST;
1977;Main Release;Main;Autodesk Alias Automotive;2010;;;;
1988;Main Release;Main;Autodesk Revit Series;2.0;;;;
1990;Main Release;Main;Autodesk Revit;6.1;RVT;;RVT;
1992;EE (Revit CD is EN);Main;Autodesk Revit Series;2.0;;;;
1998;Main Release;Main;AutoCAD Civil 3D;2005;CIV3D;CIV3D;CIV3D;
2003;LT Standalone;Main;AutoCAD Inventor LT;2010;INV;INVLT;INV;
2004;Main Release;Main;Autodesk Revit;7.0;RVT;;RVT;
2006;Main Release;Main;Autodesk Revit;7 (ARS 7);RVT;;RVT;
2010;Main Release;Main;Autodesk Inventor Series;5;;;;
2013;Main Release;Main;Autodesk Inventor Series;8;;;;
2015;Main Release;Main;AutoCAD Mechanical;2004 DX;AMECH_PP;ACAD_M;AMECH_PP;
2019;EE versions;Main;Autodesk Revit;8 (ARS 8);RVT;;RVT;
2022;8.1(JPN/FIG);Main;Autodesk Revit Building;8.1(ARB);;;;
2026;Main Release;Main;3D Studio VIZ;3i;;;;
2030;Main Release;Main;AutoCAD Raster;3;;;;
2038;Main Release - (RS9);Main;Autodesk Revit Series;9.0;;;;
2068;Main Release;Main;Autodesk Productstream;R4.5;;;;
2070;Main Release;Main;Autodesk Inventor Routed Systems Suite;11;;;;
2071;Main Release;Main;Autodesk Inventor Simulation Suite;11;;;;
2072;Main Release;Main;Autodesk Vault for ACAD;5;;;;
2073;Main Release;Main;Autodesk Vault;5;;;;
2080;Main Release;Main;DWG Viewer + DWF Composer;R2;;;;
2081;OEM 2006;Main;AutoCAD OEM;2006;ACD;;ACD;
2082;Main Release;Main;AutoCAD;2006;ACD;ACD;ACD;
2083;CD1 of ARS8 / Rio for ARS8;Main;AutoCAD;2006;ACD;ACD;ACD;
2085;Main Release;Main;AutoCAD LT;2008;ACD;ACDLT;ACD;
2086;RealDWG Converter;Main;AutoCAD;2006;ACD;ACD;ACD;
2097;DWFx Plotter Driver;Feature/Extension;AutoCAD;2008;ACD;ACD;ACD;
2099;Main Release (32 bit);Main;DWG TrueView;2008;ACD;DWGTV;ACD;
2101;DWF Writer 3.5;Main;Autodesk Design Review;2008;ADR;ADR;ADR;
2112;3.5 (sprint) July release;Main;Autodesk Topobase;2007;;;;
2113;Main Release;Main;AutoCAD LT;2007;ACD;ACDLT;ACD;
2124;DWG TrueView 2007 (Anaconda);Main;Autodesk Design Review;2007;ADR;ADR;ADR;
2127;ARS8.1;Main;AutoCAD;2006;ACD;ACD;ACD;
2130;Standalone;Main;DWG Viewer;R2;;;;
2146;2009 Re-release (Support for INV 2010);Feature/Extension;Autodesk Mechanical Desktop;2010;;;;
2152;;Main;Autodesk SketchBook Pro;2010;SKETPRO;SKETCHBOOK;ALSK;
2160;AutoCAD for Revit Structure Suite 2009;Suite;AutoCAD;2009;ACD;ACD;ACD;
2163;TestDrive;Feature/Extension;AutoCAD Inventor;2010;INV;INVNTOR;INV;
2164;;Feature/Extension;AutoCAD Structural Detailing;2010;STRDET;ROBOT-ASD;STRDET;
2166;Main;Main;AutoCAD P&ID;2011;PNID;PNID;PNID;
2167;Main Release;Main;AutoCAD Architecture;2011;ARCHDESK;ACA;ARCHDESK;
2172;Main Release;Feature/Extension;Platform Airmax;2012;;;;
2173;Main Release;Main;AutoCAD;2011;ACD;ACD;ACD;
2176;Main Release;Main;AutoCAD LT;2011;ACD;ACDLT;ACD;
2179;Main Release;Main;AutoCAD Mechanical;2011;AMECH_PP;ACAD_M;AMECH_PP;
2182;Main Release;Main;AutoCAD MEP;2011;BLDSYS;BLDSYS;BLDSYS;
2186;Main Release;Main;AutoCAD OEM;2011;ACD;;ACD;
2189;Main Release;Main;Autodesk Design Review;2011;ADR;ADR;ADR;
2191;Main Release;Main;DWG TrueView;2011;ACD;DWGTV;ACD;
2192;CER_CIP;Main;Platform CER/CIP;FY11;CERCIP;;CERCIP;
2193;Main Release - Navisworks PSEB;Main;Autodesk Navisworks;2011;NAV;NAVISWORKS;NAV;
2194;Main Release;Feature/Extension;Platform LIRA;2012;;;;
2197;Main Release;Main;AutoCAD Civil;2011;;;;
2200;Main Release;Main;AutoCAD Civil 3D;2011;CIV3D;CIV3D;CIV3D;
2205;ACAD LT + CALS (JPN countrification piece);Suite;AutoCAD LT Civil Suite;2011;ACDLTC;;ACDLTC;
2206;Main Release;Main;AutoCAD Structural Detailing;2011;STRDET;ROBOT-ASD;STRDET;
2207;2011 Q2;Main;Autodesk Buzzsaw;2011;BZSW;BUZZSAW;BZSW;
2208;2011 Q3;Main;Autodesk Buzzsaw;2011;BZSW;BUZZSAW;BZSW;
2209;2011 Q4;Main;Autodesk Buzzsaw;2011;BZSW;BUZZSAW;BZSW;
2210;2011 Q1;Main;Autodesk Buzzsaw;2011;BZSW;BUZZSAW;BZSW;
2211;Main Release;Main;AutoCAD Map 3D;2011;MAP;;MAP;
2215;Main Release;Main;Autodesk MapGuide Enterprise;2011;;;;
2217;Main Release;Main;Autodesk Quantity Takeoff;2011;AQTO;QTO;AQTO;
2219;Bundle of RAC + ACAD + ACA;Suite;AutoCAD Revit Architecture Suite;2011;REVITS;;REVITS;
2220;Main Release;Main;Autodesk Revit Architecture;2011;RVT;;RVT;
2225;Main Release;Main;Autodesk Revit MEP;2011;RVT;;RVT;
2226;Main Release;Main;Autodesk Revit Structure Suite;2011;;;;
2227;Main Release;Main;Autodesk Topobase;2011;;;;
2230;;Main;Autodesk Alias Surface;2011;SURFST;ALIAS;ST;
2232;Main release;Main;AutoCAD Electrical;2011;ACAD_E;ACAD_E;ACAD_E;
2235;Main Release;Main;AutoCAD Inventor Tooling Suite;2011;;;;
2236;Student Edition;Feature/Extension;AutoCAD Inventor;2011;INV;INVNTOR;INV;
2241;LT Suite;Main;AutoCAD Inventor  LT Suite;2011;INVLTS;;INVLTS;
2242;Main Release;Main;AutoCAD Inventor Professional Suite;2011;;;;
2243;Main Release;Main;AutoCAD Inventor Routed Systems Suite;2011;;;;
2244;Main Release;Main;AutoCAD Inventor Simulation Suite;2011;;;;
2245;Main Release;Main;AutoCAD Inventor Suite;2011;;;;
2246;AutoCAD Inventor (AIP AIP-RS AIP-SIM AIS);Main;AutoCAD Inventor;2011;INV;INVNTOR;INV;
2253;Main Release;Main;Autodesk Intent;2011;;;;
2254;Main Release;Main;Inventor Publisher;2011;INVPUB;INVPUB;INVPUB;
2255;;Main;Productstream Professional;2011;;;;
2256;Main Release;Main;Autodesk SketchBook Pro;2011;SKETPRO;SKETCHBOOK;ALSK;
2258;**Main Release**;Main;Autodesk Vault;2011;;;;
2259;;Main;Autodesk Vault Collaboration;2011;VLT;VAULT;VLT;
2260;Subscription Release - this is full Client + Server release;Main;Autodesk Vault for AutoCAD;2011;;;;
2261;;Main;Autodesk Vault Workgroup;2011;VLT;VAULT;VLT;
2262;(used to be Vault Manufacturing);Main;Autodesk Vault Professional;2011;VLT;VAULT;VLT;
2264;Main Release;Main;Autodesk Showcase;2011;;;;
2268;Subscription Release;Feature/Extension;AutoCAD Civil 3D;2010;CIV3D;CIV3D;CIV3D;
2273;Main Release;Main;AutoCAD Alias;2011;ST;ALIAS;ST;
2276;Bundle of ACAD, ACA, 3DS Max, Navisworks Simulate & RAC;Suite;AutoCAD Revit Architecture Visualization Suite;2011;;;;
2277;Main Release;Main;Alias Design for Inventor;2011;DESNSTINV;;DESNSTINV;
2278;Main Release;Main;AutoCAD Plant 3D;2011;PLNT3D;PLANT3D;PLNT3D;
2279;Main Release;Main;Autodesk LandXplorer;2011;;;;
2298;Revit Extensions + Revit DB Link + Content Pack;Feature/Extension;Revit Subscription Advantage Pack;2010;RVT;;RVT;
2304;Main Release;Feature/Extension;Alias Design for Inventor;2011;DESNSTINV;;DESNSTINV;
2305;Main release;Feature/Extension;SketchBook Designer for AutoCAD;2011;ALSKACD;SKETCHBOOK;ALSK;
2312;SEEK Web App;Main;SEEK;2011;SEEK;;SEEK;
2313;Main Release;Main;Autodesk Simulation Multiphysics;2011;ASPRO;SIM;SIM360U;
2314;Plug-in;Feature/Extension;Model Review;2011;;;;
2326;LT Standalone;Main;AutoCAD Inventor LT;2011;INV;INVLT;INV;
2327;TestDrive;Feature/Extension;AutoCAD Inventor;2011;INV;INVNTOR;INV;
2333;Trial 2010 DVD;Feature/Extension;Autodesk Geospatial;2011;;;;
2346;;Main;Autodesk Vault Office;2011;VLT;VAULT;VLT;
2350;CER_CIP;Main;Platform CER/CIP;FY12;CERCIP;;CERCIP;
2352;Main Release;Main;Autodesk Factory Design Suite;2011;FDS;FDS;FDS;
2364;Q3 Enhancement Release;Feature/Extension;Autodesk Revit Architecture;2010;RVT;;RVT;
2398;Main Release;Main;Autodesk Ecotect Analysis;2011;;;;
2403;Revit Unified Main Release;Feature/Extension;Revit Unified;2011;;;;
2404;Minimal version of Main Release;Feature/Extension;Revit LT;2011;;;;
2411;TP3;Main;Inventor Fusion;2011;INVFUS;NINVFUS;INVFUS;INVFUSION
2418;TP Project Lead;Main;N/A;2011;;;;
2420;Mid Year Content Drop;Feature/Extension;AutoCAD MEP;2011;BLDSYS;BLDSYS;BLDSYS;
2422;Advantage Pack;Feature/Extension;AutoCAD Architecture;2011;ARCHDESK;ACA;ARCHDESK;
2423;All Packaging;Main;N/A;2011;;;;
2434;Main Release;Main;Autodesk Robot Structural Analysis Professional;2011;RSAPRO;ROBOT-RSA;RSAPRO;ROBOT
2436;REX Q1;Feature/Extension;Revit Extensions;2011;RVT;ROBOT-REX;RVT;
2437;REX Q3;Feature/Extension;Revit Extensions Q3;2011;;;;
2438;Main Release;Main;AutoCAD Plant 3D;2010;PLNT3D;PLANT3D;PLNT3D;
2444;;Main;Autodesk Alias Automotive;2011;;;;
2445;;Main;Autodesk Alias Design;2011;;;;
2458;Plant Suite;Suite;Autodesk Plant Suite (Premium & Advanced);2011;;;;
2463;Language Families - EMEA;Main;AutoCAD Mechanical;2011;AMECH_PP;ACAD_M;AMECH_PP;
2470;Additional modules;Feature/Extension;AutoCAD Inventor Tooling Suite;2011;;;;
2472;"""Dragonfly"" web app";Main;Autodesk HomeStyler;2011;HSTYLR;HSTYLR;HSTYLR;
2474;Main Release;Main;DWF Writer;2011;DWFW;;DWFW;
2476;Main Release;Main;AutoCAD for Mac;2011;ACDMAC;ACADMAC;ACDMAC;
2478;Raster Design;Main;AutoCAD Raster Design;2011;ARDES;RASTER;ARDES;
2482;Main Release;Main;AutoCAD ecscad;2012;ECSCAD;ECSCAD;ECSCAD;
2489;SEEK Web App;Main;SEEK;2012;SEEK;;SEEK;
2491;Main Release;Main;AutoCAD;2012;ACD;ACD;ACD;
2492;Main Release;Main;AutoCAD LT;2012;ACD;ACDLT;ACD;
2494;MidYear Release;Feature/Extension;SketchBook Designer for AutoCAD;2011;ALSKACD;SKETCHBOOK;ALSK;
2496;Main;Main;Showcase;2012;SHOWCASE;SHOWCASE;SHOWCASE;
2497;Main;Main;Mudbox;2012;MBXPRO;MUD;MBXPRO;
2498;Main;Main;3ds Max;2012;3DSMAX;3DSMAX;3DSMAX;
2501;TP4 (midyear);Main;Inventor Fusion;2011;INVFUS;NINVFUS;INVFUS;INVFUSION
2503;Main Release;Main;AutoCAD Architecture;2012;ARCHDESK;ACA;ARCHDESK;
2505;Sept. Release;Main;Inventor Publisher;2011 R1;INVPUB;INVPUB;INVPUB;
2507;Main Release;Main;Autodesk Alias Automotive;2012;;;;
2508;Main Release;Main;Autodesk Alias Design;2012;;;;
2509;Main Release;Main;Autodesk Alias Surface;2012;SURFST;ALIAS;ST;
2510;Main release;Main;AutoCAD Electrical;2012;ACAD_E;ACAD_E;ACAD_E;
2513;Student Edition;Feature/Extension;AutoCAD Inventor;2012;INV;INVNTOR;INV;
2516;LT Suite;Main;AutoCAD Inventor  LT Suite;2012;INVLTS;;INVLTS;
2521;Inventor and Inventor Pro;Main;Autodesk Inventor Professional;2012;INV;;INV;
2522;LT Standalone;Main;AutoCAD Inventor LT;2012;INV;INVLT;INV;
2523;TestDrive;Feature/Extension;AutoCAD Inventor;2012;INV;INVNTOR;INV;
2524;Main Release;Main;Inventor Publisher;2012;INVPUB;INVPUB;INVPUB;
2525;Main Release;Main;Autodesk SketchBook Pro;2012;SKETPRO;SKETCHBOOK;ALSK;
2529;Main release;Main;SketchBook Designer for AutoCAD;2012;ALSKACD;SKETCHBOOK;ALSK;
2531;Main Release;Main;Autodesk Simulation Multiphysics;2012;ASPRO;SIM;SIM360U;
2532;Ultimate;Suite;Autodesk Factory Design Suite;2012;FDS;FDS;FDS;
2533;Main Release;Main;Inventor Fusion;2012;INVFUS;NINVFUS;INVFUS;INVFUSION
2543;Main Release;Main;AutoCAD for Mac;2012;ACDMAC;ACADMAC;ACDMAC;
2544;ACAD LT + CALS (JPN countrification piece);Suite;AutoCAD LT Civil Suite;2012;ACDLTC;;ACDLTC;
2545;Main Release;Main;AutoCAD Mechanical;2012;AMECH_PP;ACAD_M;AMECH_PP;
2549;Main Release;Main;AutoCAD MEP;2012;BLDSYS;BLDSYS;BLDSYS;
2552;Mid Year Content Drop;Feature/Extension;AutoCAD MEP;2012;BLDSYS;BLDSYS;BLDSYS;
2553;Main Release;Main;AutoCAD OEM;2012;ACD;;ACD;
2556;Raster Design;Main;AutoCAD Raster Design;2012;ARDES;RASTER;ARDES;
2557;Main Release;Main;Autodesk Design Review;2012;ADR;ADR;ADR;
2559;FY12 Q3;Main;Autodesk HomeStyler;2012;HSTYLR;HSTYLR;HSTYLR;
2560;Main Release - Navisworks;Main;Autodesk Navisworks;2012;NAV;NAVISWORKS;NAV;
2562;**Main Release**;Main;Autodesk Vault Office;2012;VLT;VAULT;VLT;
2564;Collaboration;Main;Autodesk Vault Collaboration;2012;VLT;VAULT;VLT;
2565;Subscription Release - this is full Client + Server release;Main;Autodesk Vault for AutoCAD;2012;;;;
2566;Office;Main;Autodesk Vault Office;2012;VLT;VAULT;VLT;
2567;Professional;Main;Autodesk Vault Professional;2012;VLT;VAULT;VLT;
2568;Workgroup;Main;Autodesk Vault Workgroup;2012;VLT;VAULT;VLT;
2569;2009 Readme update;Main;DWF Writer;2011;DWFW;;DWFW;
2570;Main Release;Main;DWG TrueView;2012;ACD;DWGTV;ACD;
2571;Main;Main;AutoCAD P&ID;2012;PNID;PNID;PNID;
2573;Main Release;Main;AutoCAD Civil 3D;2012;CIV3D;CIV3D;CIV3D;
2577;Main Release;Main;AutoCAD Structural Detailing;2012;STRDET;ROBOT-ASD;STRDET;
2578;2012 Q2;Main;Autodesk Buzzsaw;2012;BZSW;BUZZSAW;BZSW;
2579;2012 Q3;Main;Autodesk Buzzsaw;2012;BZSW;BUZZSAW;BZSW;
2580;2012 Q4;Main;Autodesk Buzzsaw;2012;BZSW;BUZZSAW;BZSW;
2581;2012 Q1;Main;Autodesk Buzzsaw;2012;BZSW;BUZZSAW;BZSW;
2582;Main Release;Main;Autodesk Quantity Takeoff;2012;AQTO;QTO;AQTO;
2584;Bundle of RAC + ACAD + ACA;Suite;AutoCAD Revit Architecture Suite;2012;REVITS;;REVITS;
2585;Main Release;Main;Autodesk Revit Architecture;2012;RVT;;RVT;
2589;Main Release;Main;Autodesk Revit MEP;2012;RVT;;RVT;
2590;Main Release;Main;Autodesk Revit Structure;2012;RVT;;RVT;
2592;Main Release;Main;AutoCAD Plant 3D;2012;PLNT3D;PLANT3D;PLNT3D;
2595;Main Release;Main;Autodesk Infrastructure Modeler;2012;INFMDR;INFMDR;INFMDR;
2597;Main Release;Main;Autodesk Robot Structural Analysis Professional;2012;RSAPRO;ROBOT-RSA;RSAPRO;ROBOT
2598;REX Q1;Feature/Extension;Revit Extensions;2012;RVT;ROBOT-REX;RVT;
2599;REX Q3;Feature/Extension;Revit Extensions Q3;2012;;;;
2601;Main release;Main;AutoCAD Map 3D;2012;MAP;MAP;MAP;
2602;Main Release;Main;Autodesk Infrastructure Map Server;2012;IMS;MAPSERVER;IMS;
2604;GBS Q1;Main;Green Building Studio;2012;GBS;GBS;GBS;
2605;GBS Q2;Main;Green Building Studio;2012;GBS;GBS;GBS;
2606;GBS Q3;Main;Green Building Studio;2012;GBS;GBS;GBS;
2607;GBS Q4;Main;Green Building Studio;2012;GBS;GBS;GBS;
2608;Main Release;Main;Autodesk Utilities Design;2012;UTLDESN;;UTLDESN;
2619;Midyear (Sept) release;Main;Inventor Publisher;2012;INVPUB;INVPUB;INVPUB;
2621;TP1;Main;AutoCAD Systems;2012;BLDSYS;EVO;BLDSYS;
2623;Main;Main;SketchBook Designer;2012;ALSK;SKETCHBOOK;ALSK;
2624;Main;Main;MotionBuilder;2012;MOBPRO;MOTIONBUILDER;MOBPRO;
2637;Feb 2011 Web release;Quarterly;AutoCAD WS;FY12;ACDWS;;ACDWS;
2643;Spreadsheet Calculator;Feature/Extension;Spreadsheet Calculator;2012;;;;
2645;SaaS product by krakow.;Main;Krakow SaaS;2012;CLOUD_RSA;;CLOUD_RSA;
2647;mid year release;Feature/Extension;SketchBook Designer for AutoCAD;2012;ALSKACD;SKETCHBOOK;ALSK;
2648;CBS;Feature/Extension;CBS;2012;;;;
2649;Beta 7;Quarterly;123D;2012;123D;123D;123D;
2650;Main Release;Main;TBD;2010;;;;
2653;Main Release;Main;Inventor Optimization;2012;EFLXRO;;EFLXRO;
2655;Plug-in;Feature/Extension;Model Review;2012;;;;
2657;Content;Feature/Extension;Product Support Web Content;2011;;;;
2669;Main Release;Suite;Suite;FY12;;;;
2671;Inventor OEM;Main;AutoCAD Inventor OEM;2012;INV;;INV;
2675;eTransmit add-in;Feature/Extension;Revit eTransmit add-in;2012;RVT;;RVT;
2677;Main;Main;Maya;2012;MAYA;MAYA;MAYA;
2679;Ultimate;Suite;AutoCAD Design Suite;2012;ADS;ADS;ADS;
2680;Ultimate;Suite;Product Design Suite;2012;PDS;PRDS;PDS;
2681;Standard;Suite;Building Design Suite;2012;BDS;BDS;BDS;
2682;Ultimate;Suite;Infrastructure Design Suite;2012;IDS;IDS;IDS;
2683;Ultimate;Suite;Plant Design Suite;2012;PLTDS;PLDS;PLTDS;
2684;Ultimate;Suite;Entertainment Creation Suite;2012;ENCS;ECS;ENCS;
2687;Bundle of RST + ASD;Suite;AutoCAD Revit Structure Suite;2012;REVSU;;REVSU;
2688;Bundle of RME + AME;Suite;AutoCAD Revit MEP Suite;2012;REVSYP;;REVSYP;
2689;Ultimate;Suite;Building Design Suite;2012;BDS;BDS;BDS;
2690;Premium;Suite;Building Design Suite;2012;BDS;BDS;BDS;
2691;FY12 Q1;Feature/Extension;CeaResultsctrl;2012;RVT;;RVT;
2693;For Cost estimation only;Main;SketchBook Designer;2012;ALSK;SKETCHBOOK;ALSK;
2697;For cost estimation only;Main;SketchBook Designer for AutoCAD;2012;ALSKACD;SKETCHBOOK;ALSK;
2701;FY12 Q2;Feature/Extension;CeaResultsctrl;2012;RVT;;RVT;
2702;FY12 Q3;Feature/Extension;CeaResultsctrl;2012;RVT;;RVT;
2703;FY12 Q4;Feature/Extension;CeaResultsctrl;2012;RVT;;RVT;
2708;Main Release;Main;DWF Writer;2012;DWFW;;DWFW;
2709;Main Release;Quarterly;Autodesk Rendering Service;2012;ADSK360;;ADSK360;
2711;Main release;Main;AutoCAD Freestyle;FY12;;;;
2713;Enterprise;Main;AutoCAD Map 3D Enterprise;2012;;;;
2721;Main;Main;Softimage;2012;SFTIM;SOFTIMAGE;SFTIM;
2726;Premium;Suite;AutoCAD Design Suite;2012;ADS;ADS;ADS;
2727;Standard;Suite;AutoCAD Design Suite;2012;ADS;ADS;ADS;
2728;Standard;Suite;Entertainment Creation Suite;2012;ENCS;ECS;ENCS;
2729;Premium;Suite;Entertainment Creation Suite;2012;ENCS;ECS;ENCS;
2730;Standard;Suite;Autodesk Factory Design Suite;2012;FDS;FDS;FDS;
2731;Premium;Suite;Autodesk Factory Design Suite;2012;FDS;FDS;FDS;
2732;Standard;Suite;Product Design Suite;2012;PDS;PRDS;PDS;
2733;Premium;Suite;Product Design Suite;2012;PDS;PRDS;PDS;
2734;Standard;Suite;Infrastructure Design Suite;2012;IDS;IDS;IDS;
2735;Premium;Suite;Infrastructure Design Suite;2012;IDS;IDS;IDS;
2736;Standard;Suite;Plant Design Suite;2012;PLTDS;PLDS;PLTDS;
2737;Premium;Suite;Plant Design Suite;2012;PLTDS;PLDS;PLTDS;
2739;Web Client (mid year release);Main;Autodesk Vault Office;2012;VLT;VAULT;VLT;
2769;Apr 2011 Web/Mobile release;Quarterly;AutoCAD WS;FY12;ACDWS;;ACDWS;
2777;Main Release;Main;AutoCAD for Mac;2013;ACDMAC;ACADMAC;ACDMAC;
2781;Main Release;Main;AutoCAD;2013;ACD;ACD;ACD;
2783;SP2 (Local SP);Feature/Extension;Autodesk SketchBook Pro;2011;SKETPRO;SKETCHBOOK;ALSK;
2785;Q3 FY12 release (1st launch of web services);Main;Autodesk 360;FY12;ADSK360;CLOUD;ADSK360;360EWS
2786;Main Release;Feature/Extension;SWSS AIRMax/Suites Technology;2013;AIRMAX;;AIRMAX;
2787;CER_CIP;Main;SWSS CER/CIP;2013;CERCIP;;CERCIP;
2788;Main Release;Main;SWSS Lira/First Experience;2013;LIRAFX;;LIRAFX;
2789;McCluskey Sub-Titling;Main;N/A;N/A;;;;
2793;July 2011 Web/Mobile release;Quarterly;AutoCAD WS;FY12;ACDWS;;ACDWS;
2802;Main;Main;Softimage;2013;SFTIM;SOFTIMAGE;SFTIM;
2804;Main;Main;Maya;2013;MAYA;MAYA;MAYA;
2806;Main;Main;MotionBuilder;2013;MOBPRO;MOTIONBUILDER;MOBPRO;
2807;Ultimate;Suite;Entertainment Creation Suite;2013;ENCS;ECS;ENCS;
2808;Standard;Suite;Entertainment Creation Suite;2013;ENCS;ECS;ENCS;
2809;Premium;Suite;Entertainment Creation Suite;2013;ENCS;ECS;ENCS;
2810;Main;Main;Mudbox;2013;MBXPRO;MUD;MBXPRO;
2811;Main;Main;3ds Max;2013;3DSMAX;3DSMAX;3DSMAX;
2815;TestDrive;Feature/Extension;AutoCAD Inventor;2013;INV;INVNTOR;INV;
2817;Inventor and Inventor Pro;Main;Autodesk Inventor Professional;2013;INV;;INV;
2818;LT Suite;Main;AutoCAD Inventor  LT Suite;2013;INVLTS;;INVLTS;
2819;LT Standalone;Main;AutoCAD Inventor LT;2013;INV;INVLT;INV;
2820;Inventor OEM;Main;AutoCAD Inventor OEM;2013;INV;;INV;
2824;Main release;Main;AutoCAD Electrical;2013;ACAD_E;ACAD_E;ACAD_E;
2827;Main Release;Main;Inventor Optimization;2013;EFLXRO;;EFLXRO;
2828;Main Release;Main;Inventor Publisher;2013;INVPUB;INVPUB;INVPUB;
2831;TP1;Main;AutoCAD Systems;2013;BLDSYS;EVO;BLDSYS;
2833;Ultimate;Suite;Autodesk Factory Design Suite;2013;FDS;FDS;FDS;
2834;Premium;Suite;Autodesk Factory Design Suite;2013;FDS;FDS;FDS;
2835;Standard;Suite;Autodesk Factory Design Suite;2013;FDS;FDS;FDS;
2836;Main Release;Main;Inventor Fusion;2013;INVFUS;NINVFUS;INVFUS;INVFUSION
2838;Main Release;Main;AutoCAD ecscad;2013;ECSCAD;ECSCAD;ECSCAD;
2839;Main Release;Main;AutoCAD Alias;2013;ST;ALIAS;ST;
2840;Main Release;Main;Alias Design for Inventor;2013;DESNSTINV;;DESNSTINV;
2841;Main Release;Main;Autodesk Alias Surface;2013;SURFST;ALIAS;ST;
2842;**Main Release** (included in Suites);Main;Autodesk Vault Basic;2013;VLT;VAULT;VLT;
2843;Collaboration;Main;Autodesk Vault Collaboration;2013;VLT;VAULT;VLT;
2844;Office  (Out-dated);Main;Autodesk Vault Office;2013;VLT;VAULT;VLT;
2845;Professional;Main;Autodesk Vault Professional;2013;VLT;VAULT;VLT;
2846;Workgroup;Main;Autodesk Vault Workgroup;2013;VLT;VAULT;VLT;
2847;Subscription Release - this is full Client + Server release;Main;Autodesk Vault Basic for AutoCAD;2013;VLT;VAULT_ADDIN_ACAD;VLT;
2849;Web Client (mid year release);Main;Autodesk Vault Office;2013;VLT;VAULT;VLT;
2850;Main Release;Main;Autodesk Simulation Multiphysics;2013;ASPRO;SIM;SIM360U;
2851;Standard;Suite;Product Design Suite;2013;PDS;PRDS;PDS;
2852;Premium;Suite;Product Design Suite;2013;PDS;PRDS;PDS;
2853;Ultimate;Suite;Product Design Suite;2013;PDS;PRDS;PDS;
2854;Main Release;Main;Autodesk Infrastructure Modeler;2013;INFMDR;INFMDR;INFMDR;
2855;Standard;Suite;Building Design Suite;2013;BDS;BDS;BDS;
2856;Ultimate;Suite;Building Design Suite;2013;BDS;BDS;BDS;
2857;Premium;Suite;Building Design Suite;2013;BDS;BDS;BDS;
2858;2013 Q3;Main;Autodesk Buzzsaw;2013;BZSW;BUZZSAW;BZSW;
2859;2013 Q2;Main;Autodesk Buzzsaw;2013;BZSW;BUZZSAW;BZSW;
2860;2013 Q1;Main;Autodesk Buzzsaw;2013;BZSW;BUZZSAW;BZSW;
2861;2013 Q4;Main;Autodesk Buzzsaw;2013;BZSW;BUZZSAW;BZSW;
2862;Main Release - Navisworks;Main;Autodesk Navisworks;2013;NAV;NAVISWORKS;NAV;
2864;GBS Q1;Main;Green Building Studio;2013;GBS;GBS;GBS;
2865;GBS Q4;Main;Green Building Studio;2013;GBS;GBS;GBS;
2866;GBS Q3;Main;Green Building Studio;2013;GBS;GBS;GBS;
2867;GBS Q2;Main;Green Building Studio;2013;GBS;GBS;GBS;
2868;Main Release;Main;Autodesk Quantity Takeoff;2013;AQTO;QTO;AQTO;
2870;Main Release;Main;AutoCAD Plant 3D;2013;PLNT3D;PLANT3D;PLNT3D;
2872;Main Release;Main;AutoCAD P&ID;2013;PNID;PNID;PNID;
2874;Ultimate;Suite;Infrastructure Design Suite;2013;IDS;IDS;IDS;
2875;Premium;Suite;Infrastructure Design Suite;2013;IDS;IDS;IDS;
2876;Standard;Suite;Infrastructure Design Suite;2013;IDS;IDS;IDS;
2877;Main Release;Main;AutoCAD Civil 3D;2013;CIV3D;CIV3D;CIV3D;
2882;Main Release;Main;AutoCAD Structural Detailing;2013;STRDET;ROBOT-ASD;STRDET;
2883;Main Release;Main;Autodesk Utilities Design;2013;UTLDESN;;UTLDESN;
2889;Main Release;Main;Autodesk Robot Structural Analysis Professional;2013;RSAPRO;ROBOT-RSA;RSAPRO;ROBOT
2890;Main release;Main;AutoCAD Map 3D;2013;MAP;MAP;MAP;
2896;Main Release;Main;Autodesk Infrastructure Map Server;2013;IMS;MAPSERVER;IMS;
2898;eTransmit add-in;Feature/Extension;Revit eTransmit add-in;2013;RVT;;RVT;
2903;Main Release;Main;Autodesk Revit Architecture;2013;RVT;;RVT;
2904;Main Release;Main;Autodesk Revit MEP;2013;RVT;;RVT;
2905;Main Release;Main;Autodesk Revit Structure;2013;RVT;;RVT;
2911;Bundle of RAC + ACAD + ACA;Suite;AutoCAD Revit Architecture Suite;2013;REVITS;;REVITS;
2912;Bundle of RME + AME;Suite;AutoCAD Revit MEP Suite;2013;REVSYP;;REVSYP;
2913;Bundle of RST + ASD;Suite;AutoCAD Revit Structure Suite;2013;REVSU;;REVSU;
2914;REX Q1;Feature/Extension;Revit Extensions;2013;RVT;ROBOT-REX;RVT;
2916;Autodesk Cloud structural analysis;Main;Krakow SaaS;2013;CLOUD_RSA;;CLOUD_RSA;
2917;Oct 2011 Web/Mobile release;Quarterly;AutoCAD WS;FY12;ACDWS;;ACDWS;
2919;Q1 FY13 release;Feature/Extension;Autodesk 360;2013;ADSK360;CLOUD;ADSK360;360EWS
2920;SEEK Web App;Main;SEEK;2013;SEEK;;SEEK;
2922;ACAD LT + CALS (JPN countrification piece);Suite;AutoCAD LT Civil Suite;2013;ACDLTC;;ACDLTC;
2924;February 2012  release;Main;AutoCAD WS;2013;ACDWS;;ACDWS;
2925;Q2 2012 Web/Mobile release;Main;AutoCAD WS;2013;ACDWS;;ACDWS;
2926;Q3 2012 Web/Mobile release;Main;AutoCAD WS;2013;ACDWS;;ACDWS;
2927;Q4 2012 Web/Mobile release;Main;AutoCAD WS;2013;ACDWS;;ACDWS;
2928;Main release;Main;Autodesk SketchBook Pro;2013;SKETPRO;SKETCHBOOK;ALSK;
2930;Ultimate;Suite;AutoCAD Design Suite;2013;ADS;ADS;ADS;
2931;Premium;Suite;AutoCAD Design Suite;2013;ADS;ADS;ADS;
2932;Standard;Suite;AutoCAD Design Suite;2013;ADS;ADS;ADS;
2933;Main Release;Main;DWF Writer;2013;DWFW;;DWFW;
2934;Main Release;Main;DWG TrueView;2013;ACD;DWGTV;ACD;
2935;Main;Main;SketchBook Designer;2013;ALSK;SKETCHBOOK;ALSK;
2936;Main release;Main;SketchBook Designer for AutoCAD;2013;ALSKACD;SKETCHBOOK;ALSK;
2938;mid year release;Feature/Extension;SketchBook Designer for AutoCAD;2013;ALSKACD;SKETCHBOOK;ALSK;
2942;Main Release;Main;AutoCAD Architecture;2013;ARCHDESK;ACA;ARCHDESK;
2947;Main Release;Main;AutoCAD LT;2013;ACD;ACDLT;ACD;
2954;Main Release;Main;AutoCAD Mechanical;2013;AMECH_PP;ACAD_M;AMECH_PP;
2958;Main Release;Main;AutoCAD MEP;2013;BLDSYS;BLDSYS;BLDSYS;
2961;Mid Year Content Drop;Feature/Extension;AutoCAD MEP;2013;BLDSYS;BLDSYS;BLDSYS;
2963;Main Release;Main;AutoCAD OEM;2013;ACD;;ACD;
2966;Raster Design;Main;AutoCAD Raster Design;2013;ARDES;RASTER;ARDES;
2969;Main Release;Main;Autodesk Rendering Service;2013;ADSK360;;ADSK360;
2970;Main;Main;Showcase;2013;SHOWCASE;SHOWCASE;SHOWCASE;
2972;Main Release;Main;Autodesk Design Review;2013;ADR;ADR;ADR;
2976;Q4 FY12 release;Feature/Extension;Autodesk 360;FY12;ADSK360;CLOUD;ADSK360;360EWS
2977;Q2 FY13 release;Feature/Extension;Autodesk 360;2013;ADSK360;CLOUD;ADSK360;360EWS
2989;CFE;Main;N/A;N/A;;;;
2991;Main;Main;Beast;2012;BEAST;BEAST;BEAST;
2992;Main;Main;Humanik;2012;HMNIK;HUMANIK;HMNIK;
2993;Main;Main;Kynapse;2012;KYN;KYNAPSE;KYN;
2997;Main Release;Main;Inventor Engineer-to-Order (ETO);2013;INVETO;INVETO;INVETO;
3001;EMA testing;Feature/Extension;AutoCAD Inventor;2012;INV;INVNTOR;INV;
3003;Premium;Suite;Plant Design Suite;2013;PLTDS;PLDS;PLTDS;
3004;Standard;Suite;Plant Design Suite;2013;PLTDS;PLDS;PLTDS;
3005;Ultimate;Suite;Plant Design Suite;2013;PLTDS;PLDS;PLTDS;
3029;Reduced version;Feature/Extension;Autodesk Simulation Express;2013;SCFD;SIM;SIM360U;
3031;Storm and Sanitary Analysis;Feature/Extension;Storm and Sanitary Analysis;2013;CIV3D;CIV3D;CIV3D;
3033;Standalone;Main;Autodesk Revit LT;2013;RVT;RVTLT;RVT;
3049;SWSS Release FY12Q3;Feature/Extension;Blue Angel;FY12;;;;
3061;January 2012 release;Quarterly;AutoCAD WS;FY12;ACDWS;;ACDWS;
3073;Beta 8;Quarterly;123D;2012;123D;123D;123D;
3075;Main;Main;Beast;2013;BEAST;BEAST;BEAST;
3076;Main;Main;Humanik;2013;HMNIK;HUMANIK;HMNIK;
3077;Main;Main;Kynapse;2013;KYN;KYNAPSE;KYN;
3083;FY12 Q4;Main;Autodesk HomeStyler;2012;HSTYLR;HSTYLR;HSTYLR;
3085;Feature;Feature/Extension;3ds Max;2013;3DSMAX;3DSMAX;3DSMAX;
3089;Main Release;Main;Autodesk PLM 360;2013;360NXS;PLM;360NXS;PLM360
3092;Q1 Release;Feature/Extension;AppStore;2013;APPSTORE;;APPSTORE;
3093;RST, RME, OneBox, BDS;Main;Revit OneBox;2013;RVTONEB;;RVTONEB;
3097;Marquee App;Main;Drawing Tabs;2013;MARQUEEAPPS;AutoCADMarqueeApps;MARQUEEAPPS;
3099;Variants;Feature/Extension;AutoCAD Plant 3D;2013;PLNT3D;PLANT3D;PLNT3D;
3101;Marquee App;Main;Google Earth plug-in;2013;MARQUEEAPPS;AutoCADMarqueeApps;MARQUEEAPPS;
3102;Marquee App;Main;SketchUp Import Tool;2013;MARQUEEAPPS;AutoCADMarqueeApps;MARQUEEAPPS;
3105;Q2 Release;Feature/Extension;AppStore;2013;APPSTORE;;APPSTORE;
3106;Q3 Release;Feature/Extension;AppStore;2013;APPSTORE;;APPSTORE;
3107;Q4 Release;Feature/Extension;AppStore;2013;APPSTORE;;APPSTORE;
3111;April 2012 release;Feature/Extension;Autodesk PLM 360;2013;360NXS;PLM;360NXS;PLM360
3115;Bundle of ACAD LT, Revit LT, Sketchbook Designer;Suite;AutoCAD Revit LT Suite;2013;RVTLTS;;RVTLTS;
3120;K2;Quarterly;Autodesk Studio Clouds;2013;CLOUDS;;CLOUDS;
3122;Beta 9;Main;123D;2013;123D;123D;123D;
3123;Release February 2012;Main;Autodesk HomeStyler;2013;HSTYLR;HSTYLR;HSTYLR;
3125;Main Release;Main;AutoCAD Plant 3D;2014;PLNT3D;PLANT3D;PLNT3D;
3129;Main Release;Main;AutoCAD P&ID;2014;PNID;PNID;PNID;
3131;Moldflow;Main;Moldflow;2013;MF;MOLDFLOW;MF;
3138;Main Release;Main;AutoCAD LT Network;2013;ACD;ACDLT;ACD;
3139;Marquee App;Main;Featured Apps Ribbon;2013;MARQUEEAPPS;AutoCADMarqueeApps;MARQUEEAPPS;
3145;Main Release;Main;3ds Max;2014;3DSMAX;3DSMAX;3DSMAX;
3149;Main;Main;Licensing & Installation;2013;;;;
3150;Main;Main;AEC BuildingÂ Exam (Sales and Tech);2013;;;;
3151;Main;Main;AEC Infrastructure Exam (Sales and Tech);2013;;;;
3153;Main;Main;MFG Exam (Sales and Tech);2013;;;;
3154;Main;Main;M&E Exam (Sales and Tech);2013;;;;
3155;Main;Main;Telling the Autodesk 360 and Suites Story;2013;;;;
3157;Main;Main;Autodesk Design Academy;2013;DES_ACA;;DES_ACA;
3165;May 2012 release;Feature/Extension;Autodesk PLM 360;2013;360NXS;PLM;360NXS;PLM360
3171;Main;Main;LSDV Reviews;2013;;;;
3177;Main Release;Main;Inventor Optimization;2014;EFLXRO;;EFLXRO;
3181;**Main Release** (included in Suites);Main;Autodesk Vault Basic;2014;VLT;VAULT;VLT;
3182;Subscription Release - this is full Client + Server release;Main;Autodesk Vault Basic for AutoCAD;2014;VLT;VAULT_ADDIN_ACAD;VLT;
3183;Collaboration;Main;Autodesk Vault Collaboration;2014;VLT;VAULT;VLT;
3184;Web Client (mid year release);Main;Autodesk Vault Office;2014;VLT;VAULT;VLT;
3185;Professional;Main;Autodesk Vault Professional;2014;VLT;VAULT;VLT;
3186;Workgroup;Main;Autodesk Vault Workgroup;2014;VLT;VAULT;VLT;
3188;Main Release;Main;Autodesk Simulation Multiphysics;2014;ASPRO;SIM;SIM360U;
3191;Main Release;Main;Inventor Publisher;2014;INVPUB;INVPUB;INVPUB;
3194;Main Release;Main;AutoCAD ecscad;2014;ECSCAD;ECSCAD;ECSCAD;
3196;Ultimate;Suite;Autodesk Factory Design Suite;2014;FDS;FDS;FDS;
3197;Premium;Suite;Autodesk Factory Design Suite;2014;FDS;FDS;FDS;
3198;Standard;Suite;Autodesk Factory Design Suite;2014;FDS;FDS;FDS;
3199;Main Release;Main;Moldflow;2014;MF;MOLDFLOW;MF;
3200;Continuous Release;Main;Autodesk PLM 360;2014;360NXS;PLM;360NXS;PLM360
3201;April 2012 release;Feature/Extension;Autodesk PLM 360;2014;360NXS;PLM;360NXS;PLM360
3202;May 2012 release;Feature/Extension;Autodesk PLM 360;2014;360NXS;PLM;360NXS;PLM360
3203;LT Suite;Main;AutoCAD Inventor  LT Suite;2014;INVLTS;;INVLTS;
3204;Main;Main;Maya;2014;MAYA;MAYA;MAYA;
3205;Main;Main;Mudbox;2014;MBXPRO;MUD;MBXPRO;
3206;Extenstion 1;Feature/Extension;Mudbox;2014;MBXPRO;MUD;MBXPRO;
3207;Extension 1;Feature/Extension;Maya;2014;MAYA;MAYA;MAYA;
3208;Main;Main;Kynapse;2014;KYN;KYNAPSE;KYN;
3209;Main;Main;Showcase;2014;SHOWCASE;SHOWCASE;SHOWCASE;
3211;Main Release;Main;Autodesk Revit LT;2014;RVT;RVTLT;RVT;
3213;Main Release;Main;Autodesk Revit;2014;RVT;RVT;RVT;
3217;Main Release;Main;Autodesk Robot Structural Analysis Professional;2014;RSAPRO;ROBOT-RSA;RSAPRO;ROBOT
3218;Main Release;Main;Autodesk 360 Structural Analysis for Revit;2014;RSAPRO360;;RSAPRO360;
3219;Main Release;Main;Inventor Engineer-to-Order (ETO);2014;INVETO;INVETO;INVETO;
3220;Main Release;Main;AutoCAD LT;2014;ACD;ACDLT;ACD;
3221;Main Release;Main;AutoCAD;2014;ACD;ACD;ACD;
3227;SAP - Vault Integration;Feature/Extension;AutoCAD Plant 3D;2013;PLNT3D;PLANT3D;PLNT3D;
3229;Q2 Marquee App;Main;Exchange Apps;2013;MARQUEEAPPS;AutoCADMarqueeApps;MARQUEEAPPS;
3235;Q3 Release;Feature/Extension;Autodesk Revit LT;2013;RVT;RVTLT;RVT;
3238;June 2012 release;Feature/Extension;Autodesk PLM 360;2013;360NXS;PLM;360NXS;PLM360
3239;July 2012 release;Feature/Extension;Autodesk PLM 360;2013;360NXS;PLM;360NXS;PLM360
3243;Inventor and Inventor Pro;Main;Autodesk Inventor Professional;2014;INV;;INV;
3245;Main release;Main;AutoCAD Electrical;2014;ACAD_E;ACAD_E;ACAD_E;
3246;Q3 FY13 release;Feature/Extension;Autodesk 360;2013;ADSK360;CLOUD;ADSK360;360EWS
3247;Q4 FY13 release;Feature/Extension;Autodesk 360;2013;ADSK360;CLOUD;ADSK360;360EWS
3248;Main Release;Main;SWSS AIRMax/Suites Technology;2014;AIRMAX;;AIRMAX;
3249;CER_CIP;Main;SWSS CER/CIP;2014;CERCIP;;CERCIP;
3250;Main Release;Main;SWSS Lira/First Experience;2014;LIRAFX;;LIRAFX;
3251;Main Release - Navisworks;Main;Autodesk Navisworks;2014;NAV;NAVISWORKS;NAV;
3252;Main Release;Main;AutoCAD Architecture;2014;ARCHDESK;ACA;ARCHDESK;
3253;Main Release;Main;AutoCAD for Mac;2014;ACDMAC;ACADMAC;ACDMAC;
3254;Main Release;Main;AutoCAD Mechanical;2014;AMECH_PP;ACAD_M;AMECH_PP;
3255;Main Release;Main;AutoCAD MEP;2014;BLDSYS;BLDSYS;BLDSYS;
3256;Main Release;Main;AutoCAD Civil 3D;2014;CIV3D;CIV3D;CIV3D;
3257;Main release;Main;AutoCAD Map 3D;2014;MAP;MAP;MAP;
3258;Main Release;Main;Autodesk Infrastructure Map Server;2014;IMS;MAPSERVER;IMS;
3260;Main;Main;MotionBuilder;2014;MOBPRO;MOTIONBUILDER;MOBPRO;
3261;Ultimate;Suite;Entertainment Creation Suite;2014;ENCS;ECS;ENCS;
3262;Standard;Suite;Entertainment Creation Suite;2014;ENCS;ECS;ENCS;
3263;Premium;Suite;Entertainment Creation Suite;2014;ENCS;ECS;ENCS;
3264;Main;Main;Softimage;2014;SFTIM;SOFTIMAGE;SFTIM;
3265;Q3 Marquee App;Main;Exchange Apps;2013;MARQUEEAPPS;AutoCADMarqueeApps;MARQUEEAPPS;
3276;Main Release;Main;AutoCAD Alias;2014;ST;ALIAS;ST;
3277;Main Release;Main;Alias Design for Inventor;2014;DESNSTINV;;DESNSTINV;
3278;Main Release;Main;Autodesk Alias Surface;2014;SURFST;ALIAS;ST;
3281;Inventor OEM;Main;AutoCAD Inventor OEM;2014;INV;;INV;
3282;LT Standalone;Main;AutoCAD Inventor LT;2014;INV;INVLT;INV;
3283;Standard;Suite;Product Design Suite;2014;PDS;PRDS;PDS;
3284;Premium;Suite;Product Design Suite;2014;PDS;PRDS;PDS;
3285;Ultimate;Suite;Product Design Suite;2014;PDS;PRDS;PDS;
3287;Main Release;Main;Student Experience;2013;LIRAFX;;LIRAFX;
3288;Main;Main;SellingÂ  Autodesk Inventor;2013;;;;
3289;Main;Main;Selling AutoCAD Inventor LT;2013;;;;
3290;Main;Main;Best Practices for Net Promoter Score;2013;;;;
3291;Main;Main;Product Support Best Practices;2013;;;;
3292;Main;Main;Selling Support;2013;;;;
3293;Main;Main;Autodesk Basics;2013;;;;
3294;Main;Main;Product Support Framework and Spezialization Overview;2013;;;;
3295;Main;Main;AutoCAD Product Brief;2013;;;;
3296;Main;Main;Getting the Benefits of BIM;2013;;;;
3297;Main;Main;Telling the Autodesk BIM Story;2013;;;;
3298;Main;Main;Telling the DP Story;2013;;;;
3299;Main;Main;Selling Civil 3D;2013;;;;
3300;Main;Main;Selling AutoCAD LT;2013;;;;
3301;Main;Main;Selling AutoCAD;2013;;;;
3302;Main;Main;Selling Autodesk Revit Architecture;2013;;;;
3303;Main;Main;Selling AutoCAD for the Mac;2013;;;;
3304;Main;Main;Selling Revit LT;2013;;;;
3305;Main;Main;3ds Max Product Brief;2013;;;;
3306;Main;Main;Maya Product Brief;2013;;;;
3307;Main;Main;Modernize Your Pipeline;2013;;;;
3308;Main;Main;Softimage, Motion Builder, Mudbox Product Brief;2013;;;;
3309;Main;Main;Selling Autodesk 3ds Max and Maya;2013;;;;
3310;Main;Main;Selling Autodesk Showcase;2013;;;;
3311;Main;Main;Selling Infrastructure Design Suite;2013;;;;
3312;Main;Main;Selling Product Design Suite;2013;;;;
3313;Main;Main;Selling the AutoCAD Design Suite (VCP);2013;;;;
3314;Main;Main;Selling the Autodesk Building Design Suite;2013;;;;
3315;Main;Main;Selling the AutoCAD Design Suite;2013;;;;
3316;Main;Main;Selling Entertainment Creation Suite;2013;;;;
3317;Q1 FY14 release - A360;Feature/Extension;A360;2014;ADSK360;CLOUD;ADSK360;AA360
3318;Q2 FY14 release - A360;Feature/Extension;A360;2014;ADSK360;CLOUD;ADSK360;AA360
3319;Q3 FY14 release - A360;Feature/Extension;A360;2014;ADSK360;CLOUD;ADSK360;AA360
3320;Q4 FY14 release - A360;Feature/Extension;A360;2014;ADSK360;CLOUD;ADSK360;AA360
3322;Main;Main;Autodesk Design Academy;2014;DES_ACA;;DES_ACA;
3323;Main Release;Main;123D;2014;123D;123D;123D;
3324;Main Release;Main;Autodesk HomeStyler;2014;HSTYLR;HSTYLR;HSTYLR;
3327;Q1 Release;Feature/Extension;AppStore;2014;APPSTORE;;APPSTORE;
3328;Q2 Release;Feature/Extension;AppStore;2014;APPSTORE;;APPSTORE;
3331;Standard;Suite;Building Design Suite;2014;BDS;BDS;BDS;
3332;Ultimate;Suite;Building Design Suite;2014;BDS;BDS;BDS;
3333;Premium;Suite;Building Design Suite;2014;BDS;BDS;BDS;
3334;Q1 release;Main;Autodesk Buzzsaw;2014;BZSW;BUZZSAW;BZSW;
3335;Q2 release;Main;Autodesk Buzzsaw;2014;BZSW;BUZZSAW;BZSW;
3336;Q3 release;Main;Autodesk Buzzsaw;2014;BZSW;BUZZSAW;BZSW;
3337;Q4 release;Main;Autodesk Buzzsaw;2014;BZSW;BUZZSAW;BZSW;
3338;Main Release;Main;DWG TrueView;2014;ACD;DWGTV;ACD;
3339;Ultimate;Suite;AutoCAD Design Suite;2014;ADS;ADS;ADS;
3340;Premium;Suite;AutoCAD Design Suite;2014;ADS;ADS;ADS;
3341;Standard;Suite;AutoCAD Design Suite;2014;ADS;ADS;ADS;
3342;Main Release;Main;AutoCAD Structural Detailing;2014;STRDET;ROBOT-ASD;STRDET;
3343;Ultimate;Suite;Infrastructure Design Suite;2014;IDS;IDS;IDS;
3344;Premium;Suite;Infrastructure Design Suite;2014;IDS;IDS;IDS;
3345;Standard;Suite;Infrastructure Design Suite;2014;IDS;IDS;IDS;
3350;Main Release;Main;AutoCAD LT Network;2014;ACD;ACDLT;ACD;
3355;Q4 Marquee App;Main;Exchange Apps;2013;MARQUEEAPPS;AutoCADMarqueeApps;MARQUEEAPPS;
3358;Q1 Marquee App;Main;Exchange Apps;2013;MARQUEEAPPS;AutoCADMarqueeApps;MARQUEEAPPS;
3360;Main Release;Main;AutoCAD OEM;2014;ACD;;ACD;
3361;Raster Design;Main;AutoCAD Raster Design;2014;ARDES;RASTER;ARDES;
3367;Premium;Suite;Plant Design Suite;2014;PLTDS;PLDS;PLTDS;
3368;Standard;Suite;Plant Design Suite;2014;PLTDS;PLDS;PLTDS;
3369;Ultimate;Suite;Plant Design Suite;2014;PLTDS;PLDS;PLTDS;
3370;Main Release;Main;Autodesk Design Review;2014;ADR;ADR;ADR;
3375;ACAD LT + CALS (JPN countrification piece);Suite;AutoCAD LT Civil Suite;2014;ACDLTC;;ACDLTC;
3378;Main Release;Main;Autodesk Utilities Design;2014;UTLDESN;;UTLDESN;
3386;Main Release;Main;InfraWorks;2014;INFMDR;ICD;INFMDR;
3395;REX Q1;Feature/Extension;Revit Extensions;2014;RVT;ROBOT-REX;RVT;
3397;Main;Main;Ad hoc: Learning Paths;2013;;;;
3398;Main;Main;Product Support Partner Guide and Announcement;2013;;;;
3401;Main Release;Main;SIM 360 / SIM 360 Moldflow;2013;SM360U;;SIM360U;
3402;Main Release;Main;Simulation Job Manager;2013;SIMJOBMGR;SIM;SIMJOBMGR;
3403;Sim 360 Wiki;Main;Simulation 360 Documentation;2013;SM360U;;SIM360U;
3404;Version 1;Main;SIM 360;2014;SIM360;NSIM;SIM360U;SIM360
3406;DFM;Main;DFM;2014;SIMDFM;SIMDFM;SIMDFM;
3411;Main (External);Main;SketchBook Designer;2013;ALSK;SKETCHBOOK;ALSK;
3415;"Re-release ""Unlocked"" version";Main;Inventor Engineer-to-Order (ETO);2013;INVETO;INVETO;INVETO;
3416;Hotfixes;Feature/Extension;AutoCAD Plant 3D;2013;PLNT3D;PLANT3D;PLNT3D;
3419;6.1 Main Release;Main;Inventor Engineer-to-Order (ETO);2013;INVETO;INVETO;INVETO;
3426;Release FY13Q3;Main;Autodesk HomeStyler;2013;HSTYLR;HSTYLR;HSTYLR;
3436;Main (External 2);Main;SketchBook Designer;2013;ALSK;SKETCHBOOK;ALSK;
3440;Main Release;Main;Simulation 360 Documentation;2013;SM360U;;SIM360U;
3441;Main Release;Main;Simulation 360 & Simulation 360 Ultimate Installer;2013;SIM360U;SIM360INSTALLER;SIM360U;
3442;Main Release;Main;SIM CFD 2014 (Cardinal);2014;SCFD;CFD;SIM360U;
3454;eTransmit;Feature/Extension;Autodesk Revit;2014;RVT;RVT;RVT;
3477;Main;Main;Process Plant Specialist Exam (Sales and Tech);2013;;;;
3478;Main;Main;Simulation Specialist Exam (Sales and Tech);2013;;;;
3479;Main;Main;FY13 Pre-Exam;2013;;;;
3480;Main;Main;Getting Started with ALC;2013;;;;
3483;Autodesk Gameware Navigation 2013;Main;Autodesk Gameware Navigation;2013;;GW_NAV;GW_NAV;
3487;AutoCAD Revit LT Suite;Main;Autodesk Revit LT;2014;RVT;RVTLT;RVT;
3493;Revit Add-In - Code Checker;Feature/Extension;Autodesk 360 Structural Analysis for Revit;2014;RSAPRO360;;RSAPRO360;
3494;Revit Add-In - Result Explorer;Feature/Extension;Autodesk 360 Structural Analysis for Revit;2014;RSAPRO360;;RSAPRO360;
3497;FY13 Q4 Releases;Feature/Extension;Autodesk PLM 360;2013;360NXS;PLM;360NXS;PLM360
3499;Main;Main;SketchBook Ink;2013;ALSKINK;SKETCHBOOKLNK;ALSKINK;
3500;Main;Main;Mockup 360;2014;M360;MOCKUP360;M360;M360
3503;Main Release;Main;Inventor Fusion;2014;INVFUS;NINVFUS;INVFUS;INVFUSION
3513;2013.2;Main;Beast;2013;BEAST;BEAST;BEAST;
3515;Main (External);Main;SketchBook Designer for AutoCAD;2013;ALSKACD;SKETCHBOOK;ALSK;
3527;Main;Main;Transportation Opportunity;2013;;;;
3529;Main;Main;Roads and Highways Sales Plays;2013;;;;
3530;Main;Main;Highway Construction Technical Workflow;2013;;;;
3531;Main;Main;Highway Design Technical Workflow;2013;;;;
3532;Main;Main;Highway Drainage and Utilities Technical Workflow;2013;;;;
3533;Main;Main;Highway Route Planning Technical Workflow;2013;;;;
3534;Main;Main;Civil Infrastructure Visualization Technical Workflow;2013;;;;
3535;Main;Main;Engineering Service Providers;2013;;;;
3536;Main;Main;BIM for Infrastructure Business Drivers;2013;;;;
3537;Main;Main;BIM for Infrastructure Business Transformation;2013;;;;
3538;Main;Main;Value Proposition of IDS;2013;;;;
3539;Main;Main;Civil Infrastructure Exam Pre-Sales Technical;2013;;;;
3540;Main;Main;Civil Infrastructure Spec 128-140 LSDV review;2013;;;;
3543;2013.2;Main;Humanik;2013;HMNIK;HUMANIK;HMNIK;
3545;Main release;Main;Autodesk SketchBook Pro;2014;SKETPRO;SKETCHBOOK;ALSK;
3555;Main Release;Main;SIM Mech. 360;2014;SIM360_M;ALGOR;SIM360U;
3556;Main Release;Main;SIM Job Manager;2014;SIM360_JM;SJM;SIM360U;
3563;ReCap v1.1;Quarterly;Reality Capture;2014;RECAP;REALITYCAPTURE;RECAP;
3569;Q2 Release;Quarterly;Autodesk Vault Professional;2014;VLT;VAULT;VLT;
3571;Autodesk Gameware Navigation 2013.1;Main;Autodesk Gameware Navigation;2013;;GW_NAV;GW_NAV;
3573;Q3 Release;Feature/Extension;AppStore;2014;APPSTORE;;APPSTORE;
3574;Q4 Release;Feature/Extension;AppStore;2014;APPSTORE;;APPSTORE;
3579;Mobile;Main;Autodesk HomeStyler Mobile;2014;HSTYLR;HSTYLR;HSTYLR;
3587;ReCap v1.2;Quarterly;Reality Capture;2014;RECAP;REALITYCAPTURE;RECAP;
3591;Content Release;Quarterly;Revit Content;2014;RVT;RVT;RVT;
3605;Main Release;Main;AutoCAD;2015;ACD;ACD;ACD;
3607;Extension 1;Feature/Extension;3ds Max;2014;3DSMAX;3DSMAX;3DSMAX;
3608;Extension 2;Feature/Extension;3ds Max;2014;3DSMAX;3DSMAX;3DSMAX;
3620;Main;Main;Instructables;2014;INSTD;INSTRUCTABLES;INSTD;
3629;Main Release;Main;AutoCAD Architecture;2015;ARCHDESK;ACA;ARCHDESK;
3630;Main Release;Main;AutoCAD MEP;2015;BLDSYS;BLDSYS;BLDSYS;
3631;Main release;Main;AutoCAD Electrical;2015;ACAD_E;ACAD_E;ACAD_E;
3635;Main Release;Main;AutoCAD Mechanical;2015;AMECH_PP;ACAD_M;AMECH_PP;
3637;Main Release;Quarterly;InfraWorks;2014;INFMDR;ICD;INFMDR;
3638;Extension 1 (Summer Release);Quarterly;AutoCAD Plant 3D;2014;PLNT3D;PLANT3D;PLNT3D;
3641;Sim 360 Wiki;Main;Simulation 360 Pro Documentation;2014;SIM360PRO;SIM360PRO;SIM360U;
3642;Main;Main;Selling Autodesk Smoke;2013;;;;
3643;Main;Main;Maya/BoLT;2014;MAYA;MAYA;MAYA;
3666;Main;Main;Beast;2014;BEAST;BEAST;BEAST;
3669;Main;Main;Humanik;2014;HMNIK;HUMANIK;HMNIK;
3672;Version 2014;Main;Autodesk Gameware Navigation;2014;;GW_NAV;GW_NAV;
3673;Main Release;Main;Platform Airmax;2015;;;;
3674;Main Release;Main;Install Licensing;2015;LIRAFX;;LIRAFX;
3679;Main;Main;AutoCAD Raster Design;2015;ARDES;RASTER;ARDES;
3680;Main Release - Navisworks;Main;Autodesk Navisworks;2015;NAV;NAVISWORKS;NAV;
3684;Main Release;Main;AutoCAD OEM;2015;ACD;;ACD;
3686;Continuous Releases FY15 2;Feature/Extension;AppStore;2015;APPSTORE;;APPSTORE;
3701;Ultimate;Suite;AutoCAD Design Suite;2015;ADS;ADS;ADS;
3702;Standard;Suite;AutoCAD Design Suite;2015;ADS;ADS;ADS;
3703;Premium;Suite;AutoCAD Design Suite;2015;ADS;ADS;ADS;
3708;Fabrication Database + UI;Main;Fabrication;2015;FABRICATION;FABRICATION;FABRICATION;
3734;Main Release;Main;Autodesk Fusion 360;2015;FSN360;FSN360;FSN360;
3766;Main Release;Suite;Autodesk Factory Design Suite;2014;FDS;FDS;FDS;
3849;Main Release;Main;3ds Max;2015;3DSMAX;3DSMAX;3DSMAX;
3850;Ultimate;Suite;Entertainment Creation Suite;2015;ENCS;ECS;ENCS;
3851;Main;Main;Maya;2015;MAYA;MAYA;MAYA;
3853;Main;Main;MotionBuilder;2015;MOBPRO;MOTIONBUILDER;MOBPRO;
3854;Main;Main;Mudbox;2015;MBXPRO;MUD;MBXPRO;
3855;sp1;Feature/Extension;Mudbox;2015;MBXPRO;MUD;MBXPRO;
3856;Main;Main;Softimage;2015;SFTIM;SOFTIMAGE;SFTIM;
3857;Main;Main;Autodesk Design Academy;2015;DES_ACA;;DES_ACA;
3858;Premium;Suite;Entertainment Creation Suite;2015;ENCS;ECS;ENCS;
3859;Standard;Suite;Entertainment Creation Suite;2015;ENCS;ECS;ENCS;
3861;Q3 Subscription Extension;Quarterly;Autodesk Vault Professional;2014;VLT;VAULT;VLT;
3862;Q3 Submission Extension;Quarterly;Autodesk Vault Professional;2014;VLT;VAULT;VLT;
3863;Q3 Subscription Extension;Quarterly;Autodesk Vault Professional;2014;VLT;VAULT;VLT;
3869;Application;Feature/Extension;Autodesk Inventor Professional;2014;INV;;INV;
3877;BIM 360 Field - Main;Main;Autodesk BIM 360 Field;2015;BM360F;BM360F;BM360F;
3887;Main Release;Main;Alias Design for Inventor;2015;DESNSTINV;;DESNSTINV;
3889;Main Release;Main;Autodesk Alias Surface;2015;SURFST;ALIAS;ST;
3890;LT Suite;Main;AutoCAD Inventor  LT Suite;2015;INVLTS;;INVLTS;
3894;Inventor OEM;Main;AutoCAD Inventor OEM;2015;INV;;INV;
3895;Inventor and Inventor Pro;Main;Autodesk Inventor Professional;2015;INV;;INV;
3897;Main Release;Suite;Autodesk Factory Design Suite;2015;FDS;FDS;FDS;
3898;Premium;Suite;Autodesk Factory Design Suite;2015;FDS;FDS;FDS;
3901;Standard;Suite;Autodesk Factory Design Suite;2015;FDS;FDS;FDS;
3902;Ultimate;Suite;Autodesk Factory Design Suite;2015;FDS;FDS;FDS;
3903;Main Release;Main;Autodesk Simulation Multiphysics;2015;ASPRO;SIM;SIM360U;
3906;**Main Release** (included in Suites);Main;Autodesk Vault Basic;2015;VLT;VAULT;VLT;
3907;Subscription Release - this is full Client + Server release;Main;Autodesk Vault Basic for AutoCAD;2015;VLT;VAULT_ADDIN_ACAD;VLT;
3911;Professional;Main;Autodesk Vault Professional;2015;VLT;VAULT;VLT;
3914;Workgroup;Main;Autodesk Vault Workgroup;2015;VLT;VAULT;VLT;
3919;Web Cleint(mid-year release);Main;Autodesk Vault Office;2015;VLT;VAULT;VLT;
3920;DFM;Main;DFM;2015;SIMDFM;SIMDFM;SIMDFM;
3921;Main Release;Main;Moldflow;2015;MF;MOLDFLOW;MF;
3922;Main Release;Main;Inventor Optimization;2015;EFLXRO;;EFLXRO;
3923;Main Release;Main;Inventor Publisher;2015;INVPUB;INVPUB;INVPUB;
3924;Version 1;Main;SIM 360;2015;SIM360;NSIM;SIM360U;SIM360
3927;Main Release;Main;SIM Job Manager;2015;SIM360_JM;SJM;SIM360U;
3928;Main Release;Main;SIM Mech. 360;2015;SIM360_M;ALGOR;SIM360U;
3931;Main Release;Quarterly;Autodesk PLM 360;2015;360NXS;PLM;360NXS;PLM360
3932;Main Release;Main;Inventor Engineer-to-Order (ETO);2015;INVETO;INVETO;INVETO;
3933;Premium;Suite;Product Design Suite;2015;PDS;PRDS;PDS;
3934;Standard;Suite;Product Design Suite;2015;PDS;PRDS;PDS;
3935;Ultimate;Suite;Product Design Suite;2015;PDS;PRDS;PDS;
3945;Main Release;Main;AutoCAD Civil 3D;2015;CIV3D;CIV3D;CIV3D;
3949;Main Release;Main;AutoCAD for Mac;2015;ACDMAC;ACADMAC;ACDMAC;
3950;ACAD LT + CALS (JPN countrification piece);Suite;AutoCAD LT Civil Suite;2015;ACDLTC;;ACDLTC;
3951;Main release;Main;AutoCAD Map 3D;2015;MAP;MAP;MAP;
3954;Main Release;Main;AutoCAD Plant 3D;2015;PLNT3D;PLANT3D;PLNT3D;
3955;Main Release;Main;AutoCAD Structural Detailing;2015;STRDET;ROBOT-ASD;STRDET;
3956;Q1 release;Quarterly;A360;2015;ADSK360;CLOUD;ADSK360;AA360
3957;Q2 release;Quarterly;A360;2015;ADSK360;CLOUD;ADSK360;AA360
3962;Q4 Release;Quarterly;A360;2015;ADSK360;CLOUD;ADSK360;AA360
3963;Q3 Release;Quarterly;A360;2015;ADSK360;CLOUD;ADSK360;AA360
3968;Main Release;Main;Autodesk 360 Structural Analysis for Revit;2015;RSAPRO360;;RSAPRO360;
3969;R1 release;Quarterly;Autodesk Buzzsaw;2015;BZSW;BUZZSAW;BZSW;
3970;R3 release;Quarterly;Autodesk Buzzsaw;2015;BZSW;BUZZSAW;BZSW;
3971;R4 release;Quarterly;Autodesk Buzzsaw;2015;BZSW;BUZZSAW;BZSW;
3972;Main Release;Main;Autodesk Infrastructure Map Server;2015;IMS;MAPSERVER;IMS;
3975;Main Release;Main;Autodesk Revit;2015;RVT;RVT;RVT;
3978;AutoCAD Revit LT Suite;Main;Autodesk Revit LT;2015;RVT;RVTLT;RVT;
3980;Main Release;Main;Autodesk Robot Structural Analysis Professional;2015;RSAPRO;ROBOT-RSA;RSAPRO;ROBOT
3981;Premium;Suite;Building Design Suite;2015;BDS;BDS;BDS;
3982;Standard;Suite;Building Design Suite;2015;BDS;BDS;BDS;
3983;Ultimate;Suite;Building Design Suite;2015;BDS;BDS;BDS;
3984;Main Release;Main;DWG TrueView;2015;ACD;DWGTV;ACD;
3991;Premium;Suite;Infrastructure Design Suite;2015;IDS;IDS;IDS;
3992;Standard;Suite;Infrastructure Design Suite;2015;IDS;IDS;IDS;
3993;Ultimate;Suite;Infrastructure Design Suite;2015;IDS;IDS;IDS;
3996;Premium;Suite;Plant Design Suite;2015;PLTDS;PLDS;PLTDS;
3997;Standard;Suite;Plant Design Suite;2015;PLTDS;PLDS;PLTDS;
3998;Ultimate;Suite;Plant Design Suite;2015;PLTDS;PLDS;PLTDS;
3999;Content Release;Quarterly;Revit Content;2015;RVT;RVT;RVT;
4000;REX Release 1;Quarterly;Revit Extensions;2015;RVT;ROBOT-REX;RVT;
4001;CER/CIP - Analytics;Main;Platform CER/CIP;2015;CERCIP;;CERCIP;
4002;Main;Main;Showcase;2015;SHOWCASE;SHOWCASE;SHOWCASE;
4007;Sim 360 Pro Doc;Main;Simulation 360 Pro Documentation;2015;SIM360PRO;SIM360PRO;SIM360U;
4009;Ad Hoc update;Feature/Extension;Autodesk 360 Structural Analysis for Revit;2014;RSAPRO360;;RSAPRO360;
4031;Mid-Year release;Quarterly;AutoCAD ecscad;2014;ECSCAD;ECSCAD;ECSCAD;
4035;Main;Continuous;Fusion 360 Documentation;2015;;;;
4037;Main;Main;SO IM;2014;;;;
4039;Extension 1;Feature/Extension;AutoCAD Civil 3D;2014;CIV3D;CIV3D;CIV3D;
4044;Main;Main;SO IM;2014;;;;
4045;Main;Main;SO IM;2014;;;;
4053;Main;Main;SO IM â Sales Automation SP;2014;;;;
4054;Main;Main;SO Trans â Roads and Highways;2014;;;;
4055;Main;Main;SO Trans â Roads and Highways Planning SP;2014;;;;
4056;Main;Main;SO IM â Design Automation SP;2014;;;;
4057;R2 release;Quarterly;Autodesk Buzzsaw;2015;BZSW;BUZZSAW;BZSW;
4061;A360 Pro;Feature/Extension;A360;2014;ADSK360;CLOUD;ADSK360;AA360
4085;Extension 2 (Winter Release);Quarterly;AutoCAD Plant 3D;2014;PLNT3D;PLANT3D;PLNT3D;
4091;DFM Q3;Quarterly;DFM;2014;SIMDFM;SIMDFM;SIMDFM;
4097;Version 2014.5;Feature/Extension;Autodesk Gameware Navigation;2014;;GW_NAV;GW_NAV;
4099;BIM 360 Glue - Main;Main;Autodesk BIM 360 Glue;2015;BM360G;BM360G;BM360G;
4103;Continuous Releases FY15 1;Feature/Extension;AppStore;2015;APPSTORE;;APPSTORE;
4106;Moldflow Adviser;Main;MITSI;2015;MF;MOLDFLOW;MF;
4142;Continuous Releases FY15 3;Feature/Extension;AppStore;2015;APPSTORE;;APPSTORE;
4143;Continuous Releases FY15 4;Feature/Extension;AppStore;2015;APPSTORE;;APPSTORE;
4155;ACE Mobile 2015;Quarterly;AutoCAD Electrical Mobile;2015;ACAD_E_MOB;ACAD_E_MOB;ACAD_E_MOB;
4161;Main Release;Main;AutoCAD LT;2015;ACD;ACDLT;ACD;
4167;Release 2;Quarterly;InfraWorks;2015;INFMDR;ICD;INFMDR;
4169;Release 3;Quarterly;InfraWorks;2015;INFMDR;ICD;INFMDR;
4170;Release 4;Quarterly;InfraWorks;2015;INFMDR;ICD;INFMDR;
4171;Release 1;Quarterly;InfraWorks;2015;INFMDR;ICD;INFMDR;
4172;Main Release;Main;AutoCAD Alias;2015;ST;ALIAS;ST;
4181;Code Checking Toolkit for Autodesk Revit 2014;Feature/Extension;Autodesk 360 Structural Analysis for Revit;2014;RSAPRO360;;RSAPRO360;
4184;Inventor LT;Main;AutoCAD Inventor LT;2015;INV;INVLT;INV;
4227;Smart Monkey Add-In;Feature/Extension;Autodesk Revit;2015;RVT;RVT;RVT;
4229;Nurtured Trial;Feature/Extension;Product Design Suite;2014;PDS;PRDS;PDS;
4231;Main Release;Main;Simulation Composite Analysis;2016;;ACMPAN;ACMPAN;
4232;Main Release;Main;Simulation Composite Design;2016;;ACMPDS;ACMPDS;
4253;Maya LT 2015;Main;Maya LT;2015;MAYA;MAYALT;MAYA;
4261;Main Release;Main;Configurator 360;2015;;CFG360;CFG360;
4263;Main;Main;Mockup 360;2015;M360;MOCKUP360;M360;M360
4265;Configurator 360 Addin for Inventor;Feature/Extension;Configurator 360;2015;;CFG360;CFG360;
4267;Mockup 360 Addin for Inventor;Feature/Extension;Mockup 360;2015;M360;MOCKUP360;M360;M360
4287;A modeling kernel for ACAD, Inv., + others;Main;RealDWG developer toolkit;2015;;;;
4295;Nov Releases;Continuous;Instructables;2014;INSTD;INSTRUCTABLES;INSTD;
4296;Nov Releases;Continuous;Autodesk HomeStyler Mobile;2014;HSTYLR;HSTYLR;HSTYLR;
4297;Sketchbook Nov Releases;Continuous;Sketchbook Pro;2014;;;;
4300;Main Release;Main;AutoCAD LT for MAC;2015;;;;
4305;Main Release;Main;AutoCAD P&ID;2015;PNID;;PNID;
4307;L2 release AS;Main;Autodesk Advance Steel;2015;ADSTPR;ADSTPR;ADSTPR;ADST
4311;Sketchbook Dec Releases;Continuous;Sketchbook Pro;2014;;;;
4313;Dec Releases;Continuous;Autodesk HomeStyler Mobile;2014;HSTYLR;HSTYLR;HSTYLR;
4314;Dec Releases;Continuous;Instructables;2014;INSTD;INSTRUCTABLES;INSTD;
4315;Sketchbook Jan Releases;Continuous;Sketchbook Pro;2014;;;;
4316;Jan Releases;Continuous;Instructables;2014;INSTD;INSTRUCTABLES;INSTD;
4317;Jan Releases;Continuous;Autodesk HomeStyler Mobile;2014;HSTYLR;HSTYLR;HSTYLR;
4325;ReCap Pro & 360;Continuous;Reality Capture;2015;RECAP;REALITYCAPTURE;RECAP;
4333;Re-Release FY15 Q1;Suite;Infrastructure Design Suite;2014;IDS;IDS;IDS;
4336;Main 2015;Main;Beast;2015;;;;
4337;Main 2015;Main;Autodesk Gameware Navigation;2015;;GW_NAV;GW_NAV;
4341;Main 2015;Main;Humanik;2015;;;;
4343;Q1 A360 Pro release;Quarterly;A360;2015;ADSK360;CLOUD;ADSK360;AA360
4357;Independent - Help;Continuous;Building Performance Analysis Help;2015;;;;
4415;Q1 Release;Continuous;Sketchbook Products Family;2015;;;;
4416;Q2 Release;Continuous;Sketchbook Products Family;2015;;;;
4417;Q3 Release;Continuous;Sketchbook Products Family;2015;;;;
4418;Q4 Release;Continuous;Sketchbook Products Family;2015;;;;
4419;Q1 Release;Continuous;Homestyler;2015;;;;
4420;Q2 Release;Continuous;Homestyler;2015;;;;
4421;Q3 Release;Continuous;Homestyler;2015;;;;
4422;Q4 Release;Continuous;Homestyler;2015;;;;
4423;Q1 Release;Continuous;123D;2015;123D;123D;123D;
4424;Q2 Release;Continuous;123D;2015;123D;123D;123D;
4425;Q3 Release;Continuous;123D;2015;123D;123D;123D;
4426;Q4 Release;Continuous;123D;2015;123D;123D;123D;
4427;Q1 Release;Continuous;Pixlr;2015;;;;
4428;Q2 Release;Continuous;Pixlr;2015;;;;
4429;Q3 Release;Continuous;Pixlr;2015;;;;
4430;Q4 Release;Continuous;Pixlr;2015;;;;
4431;Q1 Release;Continuous;Instructables;2015;INSTD;INSTRUCTABLES;INSTD;
4432;Q2 Release;Continuous;Instructables;2015;INSTD;INSTRUCTABLES;INSTD;
4433;Q3 Release;Continuous;Instructables;2015;INSTD;INSTRUCTABLES;INSTD;
4434;Q4 Release;Continuous;Instructables;2015;INSTD;INSTRUCTABLES;INSTD;
4435;Q1 Release;Continuous;SocialCam;2015;;;;
4436;Q2 Release;Continuous;SocialCam;2015;;;;
4437;Q3 Release;Continuous;SocialCam;2015;;;;
4438;Q4 Release;Continuous;SocialCam;2015;;;;
4440;L2 release AC;Main;Autodesk Advance Concrete;2015;ADSTCP;ADSTCP;ADSTCP;
4447;Q1 release;Continuous;Autodesk Rendering;2015;RENDERING;RENDERING;RENDERING;
4451;RFLs;Feature/Extension;Autodesk Vault Professional;2015;VLT;VAULT;VLT;
4472;Extension;Feature/Extension;AutoCAD Plant 3D;2015;PLNT3D;PLANT3D;PLNT3D;
4478;"Maya LT 2015 Ext 1 ""Anvil""";Feature/Extension;Maya LT;2015;MAYA;MAYALT;MAYA;
4481;First Localized release;Main;Autodesk Structural Bridge Design;2015;;;;
4488;Extension 1;Feature/Extension;3ds Max;2015;3DSMAX;3DSMAX;3DSMAX;
4491;Main Release;Main;Autodesk Revit;2016;RVT;RVT;RVT;
4494;Main Release;Main;AutoCAD;2016;ACD;ACD;ACD;
4495;Main Release;Main;AutoCAD LT;2016;ACD;ACDLT;ACD;
4501;Main Release;Main;Install Licensing;2016;LIRAFX;;LIRAFX;
4505;Add-In;Continuous;Revit Energy Analysis;2015;;;;
4513;Add-On;Quarterly;Content Editor for InfraWorks 360;2015;;;;
4515;Main Release;Main;Global Engineering Components;2016;;;;
4525;Q2 release;Continuous;Autodesk Rendering;2015;RENDERING;RENDERING;RENDERING;
4527;Main Release;Main;AutoCAD LT Network;2016;ACD;ACDLT;ACD;
4529;Main Release;Main;AutoCAD LT Network;2015;ACD;ACDLT;ACD;
4530;Continuous;Main;Autodesk Advance Steel;2016;ADSTPR;ADSTPR;ADSTPR;ADST
4531;Continuous Releases FY16 1;Feature/Extension;AppStore;2016;APPSTORE;;APPSTORE;
4532;Continuous Releases FY16 2;Feature/Extension;AppStore;2016;APPSTORE;;APPSTORE;
4533;Continuous Releases FY16 3;Feature/Extension;AppStore;2016;APPSTORE;;APPSTORE;
4534;Continuous Releases FY16 4;Feature/Extension;AppStore;2016;APPSTORE;;APPSTORE;
4535;Main Release;Main;AutoCAD Architecture;2016;ARCHDESK;ACA;ARCHDESK;
4539;Main release;Main;AutoCAD Electrical;2016;ACAD_E;ACAD_E;ACAD_E;
4542;Quarterly Release;Quarterly;AutoCAD Electrical Mobile;2016;ACAD_E_MOB;ACAD_E_MOB;ACAD_E_MOB;
4543;ACAD LT + CALS (JPN countrification piece);Suite;AutoCAD LT Civil Suite;2016;ACDLTC;;ACDLTC;
4544;Main release;Main;AutoCAD Map 3D;2016;MAP;MAP;MAP;
4547;Main Release;Main;AutoCAD Mechanical;2016;AMECH_PP;ACAD_M;AMECH_PP;
4550;Main Release;Main;AutoCAD MEP;2016;BLDSYS;BLDSYS;BLDSYS;
4553;Main Release;Main;AutoCAD OEM;2016;ACD;;ACD;
4554;Main;Main;AutoCAD Raster Design;2016;ARDES;RASTER;ARDES;
4555;Q1 release;Quarterly;A360;2016;ADSK360;CLOUD;ADSK360;AA360
4556;Q2 release;Quarterly;A360;2016;ADSK360;CLOUD;ADSK360;AA360
4557;Q3 Release;Quarterly;A360;2016;ADSK360;CLOUD;ADSK360;AA360
4558;Q4 release;Quarterly;A360;2016;ADSK360;CLOUD;ADSK360;AA360
4559;Release 1;Quarterly;InfraWorks;2016;INFMDR;ICD;INFMDR;
4560;Release 2;Quarterly;InfraWorks;2016;INFMDR;ICD;INFMDR;
4561;Release 3;Quarterly;InfraWorks;2016;INFMDR;ICD;INFMDR;
4562;Release 4;Quarterly;InfraWorks;2016;INFMDR;ICD;INFMDR;
4563;Premium;Suite;Building Design Suite;2016;BDS;BDS;BDS;
4564;Standard;Suite;Building Design Suite;2016;BDS;BDS;BDS;
4565;Ultimate;Suite;Building Design Suite;2016;BDS;BDS;BDS;
4566;R1 release;Quarterly;Autodesk Buzzsaw;2016;BZSW;BUZZSAW;BZSW;
4567;R2 release;Quarterly;Autodesk Buzzsaw;2016;BZSW;BUZZSAW;BZSW;
4568;R3 release;Quarterly;Autodesk Buzzsaw;2016;BZSW;BUZZSAW;BZSW;
4569;R4 release;Quarterly;Autodesk Buzzsaw;2016;BZSW;BUZZSAW;BZSW;
4570;Fabrication Database;Main;Fabrication;2016;FABRICATION;FABRICATION;FABRICATION;
4571;ReCap (ReCap Pro & 360);Continuous;Reality Capture;2016;RECAP;REALITYCAPTURE;RECAP;
4572;Q1 release;Continuous;Autodesk Rendering;2016;RENDERING;RENDERING;RENDERING;
4573;AutoCAD Revit LT Suite;Main;Autodesk Revit LT;2016;RVT;RVTLT;RVT;
4577;Q1 Release;Continuous;Homestyler;2016;;;;
4578;Q2 Release;Continuous;Homestyler;2016;;;;
4581;Q1 Release;Continuous;Sketchbook Products Family;2016;;;;
4582;Q2 Release;Continuous;Sketchbook Products Family;2016;;;;
4591;Main Release;Main;Autodesk Infrastructure Map Server;2016;IMS;MAPSERVER;IMS;
4594;"Maya LT 2015 Ext 2 ""Hammer""";Feature/Extension;Maya LT;2015;MAYA;MAYALT;MAYA;
4597;Content Release;Quarterly;Revit Content;2016;RVT;RVT;RVT;
4603;Main Release;Main;3ds Max;2016;3DSMAX;3DSMAX;3DSMAX;
4606;Main Release;Main;Autodesk Gameware Navigation;2016;;GW_NAV;GW_NAV;
4607;Maya LT 2016;Main;Maya LT;2016;MAYA;MAYALT;MAYA;
4609;Main;Main;MotionBuilder;2016;MOBPRO;MOTIONBUILDER;MOBPRO;
4610;Main;Main;Mudbox;2016;MBXPRO;MUD;MBXPRO;
4615;Main Release;Main;Alias Design;2016;;;;
4616;Main Release;Main;Alias Automotive;2016;;;;
4617;Main Release;Main;Alias Surface;2016;;;;
4618;Main Release;Main;Autodesk Fusion 360;2016;FSN360;FSN360;FSN360;
4619;Main Release;Main;Simulation CFD 360;2016;SIM360_CFD;CFD;SIM360U;
4620;Version 1;Main;SIM 360;2016;SIM360;NSIM;SIM360U;SIM360
4624;Main Release;Main;Autodesk Simulation Multiphysics;2016;ASPRO;SIM;SIM360U;
4628;Main Release;Main;Inventor Engineer-to-Order (ETO);2016;INVETO;INVETO;INVETO;
4629;Main Release;Main;Inventor Publisher;2016;INVPUB;INVPUB;INVPUB;
4630;Main Release;Main;Moldflow;2016;MF;MOLDFLOW;MF;
4631;Main Release;Main;DFM;2016;SIMDFM;SIMDFM;SIMDFM;
4632;Premium;Suite;Product Design Suite;2016;PDS;PRDS;PDS;
4633;Ultimate;Suite;Product Design Suite;2016;PDS;PRDS;PDS;
4640;Main Release;Main;SIM Job Manager;2016;SIM360_JM;SJM;SIM360U;
4644;Premium;Suite;Entertainment Creation Suite;2016;ENCS;ECS;ENCS;
4645;Standard;Suite;Entertainment Creation Suite;2016;ENCS;ECS;ENCS;
4646;Ultimate;Suite;Entertainment Creation Suite;2016;ENCS;ECS;ENCS;
4648;Maya LT 2016 Ext 1;Feature/Extension;Maya LT;2016;MAYA;MAYALT;MAYA;
4651;Extension 1;Feature/Extension;Maya;2015;MAYA;MAYA;MAYA;
4656;Q1 Release;Continuous;123D;2016;123D;123D;123D;
4657;Q2 Release;Continuous;123D;2016;123D;123D;123D;
4665;Q1 Release;Continuous;Autodesk Impression;2016;;;;
4667;Main;Main;Maya;2016;MAYA;MAYA;MAYA;
4671;Q3 Release;Continuous;123D;2016;123D;123D;123D;
4672;Q4 Release;Continuous;123D;2016;123D;123D;123D;
4673;Q3 Release;Continuous;Homestyler;2016;;;;
4674;Q4 Release;Continuous;Homestyler;2016;;;;
4675;Q2 Release;Continuous;Autodesk Impression;2016;;;;
4676;Q3 Release;Continuous;Autodesk Impression;2016;;;;
4677;Q4 Release;Continuous;Autodesk Impression;2016;;;;
4678;Q1 Release;Continuous;Pixlr;2016;;;;
4679;Q2 Release;Continuous;Pixlr;2016;;;;
4680;Q3 Release;Continuous;Pixlr;2016;;;;
4681;Q4 Release;Continuous;Pixlr;2016;;;;
4682;Q3 Release;Continuous;Sketchbook Products Family;2016;;;;
4691;Premium;Suite;Autodesk Factory Design Suite;2016;FDS;FDS;FDS;
4692;Standard;Suite;Autodesk Factory Design Suite;2016;FDS;FDS;FDS;
4693;Ultimate;Suite;Autodesk Factory Design Suite;2016;FDS;FDS;FDS;
4698;**Main Release** (included in Suites);Main;Autodesk Vault;2016;;;;
4699;Main Release;Main;AutoCAD for Mac;2016;ACDMAC;ACADMAC;ACDMAC;
4700;Main Release;Main;AutoCAD LT for MAC;2016;;;;
4703;Main Release;Main;AutoCAD Civil 3D;2016;CIV3D;CIV3D;CIV3D;
4707;Premium;Suite;AutoCAD Design Suite;2016;ADS;ADS;ADS;
4708;Standard;Suite;AutoCAD Design Suite;2016;ADS;ADS;ADS;
4709;Ultimate;Suite;AutoCAD Design Suite;2016;ADS;ADS;ADS;
4710;Main Release;Main;AutoCAD Structural Detailing;2016;STRDET;ROBOT-ASD;STRDET;
4711;Premium;Suite;Infrastructure Design Suite;2016;IDS;IDS;IDS;
4712;Standard;Suite;Infrastructure Design Suite;2016;IDS;IDS;IDS;
4713;Ultimate;Suite;Infrastructure Design Suite;2016;IDS;IDS;IDS;
4714;Main Release - Navisworks;Main;Infrastructure Design Suite;2016;IDS;IDS;IDS;
4715;Main Release - Navisworks;Main;Autodesk Navisworks;2016;NAV;NAVISWORKS;NAV;
4716;Main Release;Main;AutoCAD P&ID;2016;PNID;;PNID;
4717;Main Release;Main;AutoCAD Plant 3D;2016;PLNT3D;PLANT3D;PLNT3D;
4719;Extension;Feature/Extension;AutoCAD Plant 3D;2016;PLNT3D;PLANT3D;PLNT3D;
4720;Premium;Suite;Plant Design Suite;2016;PLTDS;PLDS;PLTDS;
4721;Standard;Suite;Plant Design Suite;2016;PLTDS;PLDS;PLTDS;
4722;Ultimate;Suite;Plant Design Suite;2016;PLTDS;PLDS;PLTDS;
4723;A modeling kernel for ACAD, Inv., + others;Main;RealDWG developer toolkit;2016;;;;
4728;Inventor Interactive Tutorials;Feature/Extension;Autodesk Inventor Professional;2015;INV;;INV;
